f0,f1,f2,f3,f4,f5,f6,f7,f8,f9,f10,label
0.0668358140644444,0.0043737424666852,0.2157083076923077,-0.0736366516904012,-0.1654395053158191,4.00527245848494,93.75,2.866354078181073,5.1197261752466766e-05,4.140507581480898e-05,1.905136628944661e-07,0
0.0679886013633756,0.0045162890291118,0.2234270769230769,-0.1044764264022926,-0.2388245745706407,4.050434703474647,93.75,2.8634398441614546,5.422060079920798e-05,4.5344439992204216e-05,2.314990887470283e-07,0
0.0661791790832785,0.0042667320362818,0.21696,-0.1560256853106225,-0.1432032244690499,4.064134852358424,93.75,2.881453534935781,5.086084621263534e-05,4.09937344228422e-05,2.0406142918408145e-07,0
0.0641819654855518,0.0039490282401394,0.2102843076923076,-0.1375148476993466,-0.1515482426881309,4.065660026803393,93.75,2.930582937693344,4.798009483303142e-05,3.6899099439303146e-05,2.237046206907053e-07,0
0.065699657048998,0.0041213409952102,0.2188375384615384,-0.1493741743644183,-0.1712567734581696,4.100291052922796,93.75,2.90185757016422,4.916420572612651e-05,3.914718766328463e-05,1.8850555373264769e-07,0
0.0676700617745948,0.0042940545264441,0.224052923076923,-0.0937199253586045,-0.2061518709103237,4.089579298273914,93.75,2.8126632030429075,4.617883738956612e-05,4.468774414605328e-05,1.979590456444692e-07,0
0.0679516130628588,0.004389606551506,0.2238443076923077,-0.0250482823984685,-0.177574128314757,4.099888986026675,93.75,2.8944873568228098,5.323373706748839e-05,3.9019597741991e-05,1.993243366247823e-07,0
0.0652717362257183,0.0040136619674685,0.2165427692307692,-0.0444731032691003,-0.225450390018944,4.099949079081049,93.75,2.88639193734502,4.5894347902275725e-05,3.8845494309693504e-05,2.051830855301177e-07,0
0.0684270562318797,0.0045791043644839,0.2230098461538461,-0.1562574124661737,-0.1224535947229105,4.064449392811584,93.75,2.8682261920015324,5.697393864388519e-05,4.187216226157635e-05,2.0380616333064045e-07,0
0.0654556279119993,0.0041783434005746,0.213204923076923,-0.1212932880709223,-0.1142167793172235,4.056207114545022,93.75,2.9305997797446417,5.432819646580634e-05,3.670412777248331e-05,1.9848870179641066e-07,0
0.0689511901174893,0.0046851413894933,0.226764923076923,-0.0919839110217815,-0.1643672626422606,4.0892803517879255,93.75,2.793722135957797,6.227724047387031e-05,3.813132066912399e-05,1.991468917734007e-07,0
0.0679320901048271,0.0044975578197453,0.2234270769230769,-0.0977001006669389,-0.2211614918017592,4.084375370621075,93.75,2.9489569884117253,5.415549388350416e-05,4.136795212195584e-05,2.1861055234121305e-07,0
0.0706210785403906,0.0047593739464873,0.2269735384615384,-0.0884228508464359,-0.1814397113847493,3.97781290355444,93.75,2.918846589828566,5.8002070543019374e-05,4.128651557665242e-05,2.0158512949454085e-07,0
0.0664540727976734,0.0042467871737788,0.2188375384615384,-0.0497925925842874,-0.2392580833775767,4.080029169825417,93.75,2.8314004076911496,4.9367848915003895e-05,4.33151014505724e-05,1.9150395501786338e-07,0
0.0671880965554773,0.0043768306248738,0.2225926153846154,-0.052085607689329,-0.1793034708366424,4.132576609277322,93.75,2.8383829055694534,5.44334950207497e-05,3.8998059953712406e-05,2.322463612813353e-07,0
0.0661743094110417,0.00411429770609,0.2150824615384615,-0.1205343414705457,-0.09322046045301,4.017205891099146,93.75,2.896313743310801,4.65497754589329e-05,3.918376915979795e-05,1.941117717614151e-07,0
0.0659142236610543,0.0042333963540787,0.2163341538461538,-0.1262516492038976,-0.1101625358265891,4.063335809917364,93.75,2.9408588025509257,5.108079336693221e-05,3.932992054201229e-05,1.878085401413137e-07,0
0.0660659203186814,0.0042709711154423,0.2211323076923076,-0.1155985272892263,-0.2008035183391756,4.149472623892317,93.75,2.858241114406169,5.035589558492245e-05,4.245522333896381e-05,1.9017206325554466e-07,0
0.0688084426687745,0.0045577349528369,0.2261390769230769,-0.0143638359899718,-0.1832349599359416,4.092427822660103,93.75,2.821312528318188,5.608068228220182e-05,4.285299037960563e-05,2.078061068327493e-07,0
0.0668416522532772,0.0043683153281712,0.2163341538461538,-0.1109100617296312,-0.1881683839424809,3.974867368361527,93.75,2.933096726653292,5.071948523215824e-05,4.06058601864555e-05,2.1434387895183415e-07,0
0.0649086282580969,0.0040415390498852,0.2086153846153846,-0.0954392343802625,-0.0767615486678894,4.018009643906981,93.75,2.864282417456499,4.801760520649791e-05,4.103119489539383e-05,2.0431034513697562e-07,0
0.0671302254659486,0.0042252784115644,0.2244701538461538,-0.0791207863689318,-0.1038351696222457,4.138631767587308,93.75,2.8548359585192524,5.2674675946543744e-05,3.785533162666894e-05,2.6186026524354706e-07,0
0.0709025367463668,0.0048767016185505,0.2309372307692307,-0.1888731685953848,-0.1869768542451308,4.026183017423644,93.75,2.829138880570091,5.596102953916954e-05,4.806236199531158e-05,2.181009202456028e-07,0
0.0692167211670159,0.0046611269392424,0.2271821538461538,-0.095481089505911,-0.0678477293659849,4.072305849926032,93.75,2.912874933910081,5.695010295583086e-05,3.638369286785087e-05,1.8158722241412042e-07,0
0.0684897178174636,0.004528915079933,0.2200892307692307,0.0028711319449628,-0.1757746448463204,4.014558883923242,93.75,2.824676817740685,5.891940104448701e-05,3.785708293878698e-05,2.044948575609627e-07,0
0.0654068992528,0.0041678266860542,0.2154996923076923,-0.0415647117686712,-0.1268803335042203,4.1206272444864585,93.75,2.954128888803612,5.24056414096984e-05,3.6776529060120856e-05,2.083721065247638e-07,0
0.0655171839806789,0.0040785488571219,0.2117446153846153,-0.0072453456677381,-0.0910122111425466,4.030416599121299,93.75,2.8654087217336057,5.026164911387132e-05,3.800785576842337e-05,1.8837782993418706e-07,0
0.0662863659449461,0.0042880088029331,0.2113273846153845,-0.136581476195567,-0.1812695982978432,3.941865672989511,93.75,2.8901878487565766,5.227944090135901e-05,4.063168600292872e-05,1.833994194135856e-07,0
0.0646187564634565,0.0040477309530965,0.2111187692307692,-0.161684631784694,-0.0718464612678983,4.074371223140662,93.75,2.879130331388603,4.8117330753187466e-05,4.011060814218166e-05,1.913393152104669e-07,0
0.0676454836473771,0.0044351767392793,0.213204923076923,-0.0760804444271032,-0.1857070159976047,3.9304880100573167,93.75,2.865461976921829,5.303736543379978e-05,4.145717553091456e-05,2.133340658115088e-07,0
0.0655916377707518,0.004209360705046,0.2154996923076923,-0.1282287129942743,-0.1064585561645232,4.065732544489904,93.75,2.9809628686530862,5.273676608390626e-05,3.641845386206218e-05,1.8668034986283328e-07,0
0.0692648833980731,0.004561383939265,0.2244701538461538,-0.1540197053175891,-0.1246203340046281,3.996894126347701,93.75,2.7925212806967217,5.342072863466464e-05,4.5023244214918334e-05,2.152371499787596e-07,0
0.069918809721599,0.0046546770157463,0.2361526153846153,-0.1208638222469384,-0.1457445848302239,4.17347399568582,93.75,2.8328394922577944,5.334253963683975e-05,4.437066588096905e-05,2.0842064016711733e-07,0
0.0680191811295816,0.0045463224691553,0.2230098461538461,-0.1897958502433834,-0.1203956869592549,4.053124853468288,93.75,2.8061598044325526,5.7119087705117264e-05,3.870855541956478e-05,2.209146307755255e-07,0
0.0666060764487326,0.0043482808113041,0.2215495384615384,-0.0427921130205048,-0.2589625085106275,4.147795908618451,93.75,2.865232065333483,5.399423245208e-05,4.240982698229353e-05,1.9721509512942045e-07,0
0.0632674085574803,0.0037844516808878,0.2138307692307692,-0.0783745844252741,-0.2243359735226382,4.164549722181327,93.75,2.942756567956572,4.461815644296802e-05,3.752114716809578e-05,2.223118769021148e-07,0
0.0696585091391357,0.0047538402967444,0.2271821538461538,-0.1356423459942579,-0.0633254555755142,4.0430717858542895,93.75,2.8124452047432094,5.8548586493833536e-05,4.349972755609113e-05,2.1118311733436974e-07,0
0.0653430205889565,0.0041004173456208,0.2067378461538461,-0.1226767036200517,-0.1864845220137553,3.9236212006012816,93.75,2.895856021544588,4.974555218149149e-05,3.740802123626738e-05,1.627574928579753e-07,0
0.0672845690919076,0.0044206804897124,0.2257218461538461,-0.1470243388644863,-0.1323439583771047,4.177881077481311,93.75,2.8737519041027184,5.4602694269019584e-05,3.778428936794888e-05,1.7690295388497546e-07,0
0.0694258749238277,0.0044865483650266,0.2209236923076923,-0.1164271544400157,-0.1890458835677443,3.928203055078839,93.75,2.829099092273141,5.197360804359239e-05,3.861818472514733e-05,1.964341956316197e-07,0
0.0669136455047862,0.0042765992366591,0.2238443076923077,-0.097391643643852,-0.2109635900912335,4.116508898721549,93.75,2.9981744477941845,4.798780851117405e-05,3.9670495675141535e-05,1.9719943973661817e-07,0
0.0679416928502955,0.0042678980103223,0.2234270769230769,-0.1888297039039894,-0.1226710425518234,4.036495809178608,93.75,2.963101850352704,5.337839395437723e-05,3.68471446916782e-05,1.98904485683259e-07,0
0.068279299855773,0.0045040221937199,0.2161255384615384,-0.0685501689253289,-0.1548714901802181,3.936451383694229,93.75,2.807498043531792,5.5651004973276165e-05,3.9175263999086816e-05,2.049734716594597e-07,0
0.0667983043425459,0.004308296792919,0.2200892307692307,-0.1173176316173272,-0.0527999195536565,4.1043635789906405,93.75,2.9294625495979862,5.189329081896604e-05,4.088881766508682e-05,1.9383734754550442e-07,0
0.0672733792523595,0.0044099082410233,0.2246787692307692,-0.2009631335422783,-0.1292403869874924,4.139073278205614,93.75,2.8868503698138843,5.294647844528343e-05,4.1043460220949e-05,2.078516422205468e-07,0
0.0638600471728254,0.0039752828987979,0.207780923076923,-0.2235613825384392,-0.1310361381157496,4.020474037519441,93.75,2.857639068929316,4.756842591563982e-05,3.697704415116179e-05,2.359910003604673e-07,0
0.0655462147161579,0.0041632297198812,0.2100756923076923,-0.1375864096259467,-0.2513004796159914,3.953887027422695,93.75,2.8190607730585584,5.217671643779004e-05,3.78221047219705e-05,1.964819777265475e-07,0
0.0668776973316907,0.0042560824675976,0.2232184615384615,-0.0701724549442932,-0.0882531107364167,4.166375944662127,93.75,2.827212425357296,5.477050791824202e-05,3.98123926108628e-05,2.0579723342239121e-07,0
0.0615949701961491,0.003748294600625,0.2015224615384615,-0.2121575422948631,-0.1091061047275898,4.045245170068839,93.75,2.94740049457098,4.152815170726569e-05,3.710827315055995e-05,2.100649239037753e-07,0
0.0702533425605047,0.0047162877127192,0.2361526153846153,0.0043108852181354,-0.1487907318123679,4.170590959094429,93.75,2.845110752565932,6.047349513608586e-05,4.158933525666347e-05,1.98448574610923e-07,0
0.0687307045792776,0.0046456276621048,0.232188923076923,-0.105039667225772,-0.1916640643725465,4.206160607236467,93.75,2.838159874607016,5.387988188810944e-05,4.24560566128944e-05,2.257376421532205e-07,0
0.0707494789356099,0.0048626557251485,0.2309372307692307,-0.17279261211534,-0.1419930992734813,4.043495930966103,93.75,2.746552385880205,5.980163640540149e-05,4.300285778078076e-05,2.196760237931963e-07,0
0.0639840537487026,0.0039743761951299,0.2113273846153845,0.0415199811329749,-0.1672417347184077,4.134116322558015,93.75,2.9144069282669305,4.951617474082909e-05,3.932590474067333e-05,2.120626629924109e-07,0
0.0679064920000507,0.004371909857348,0.2296855384615384,-0.1743350591402004,-0.1685526326464951,4.186824054187131,93.75,2.837473489286249,4.732931713118461e-05,4.528158078380201e-05,2.220182888101376e-07,0
0.0662294158174291,0.0042201611943697,0.2230098461538461,-0.1808306702467454,-0.1329068521160977,4.182393634286261,93.75,2.9130546094359304,4.840728554015128e-05,3.7611948462538986e-05,2.0756103621525525e-07,0
0.0689521487411269,0.0044888711055312,0.2228012307692307,0.0661927544986733,-0.2212594623457194,4.031198126470519,93.75,2.886603581931809,5.025273592255555e-05,4.178409913034839e-05,2.0735932935430737e-07,0
0.0657114262975928,0.0041300960557154,0.2075723076923077,-0.0765803518171752,-0.2268265345408806,3.897020125043088,93.75,2.87348872326104,4.656866855618188e-05,4.297616659718805e-05,1.7338131176704125e-07,0
0.0641997590900179,0.0038427045147428,0.214248,-0.0463503187898739,-0.1520073708677968,4.161200804604129,93.75,3.0038523333154976,4.739922930862393e-05,3.449472599219982e-05,2.106449509720649e-07,0
0.0689239288702537,0.0044422668227489,0.2244701538461538,-0.2189687461226412,-0.0882112670994686,3.9931496891189866,93.75,2.829337004930216,5.728639924766524e-05,3.848298612149132e-05,2.467097609339009e-07,0
0.0642504204857205,0.0040979707608647,0.2033999999999999,-0.2078285019175823,-0.1528039908691142,3.950702496602339,93.75,2.8020157226419173,4.5714319723570654e-05,4.337271150455206e-05,1.9534206358390602e-07,0
0.0635677699945489,0.0039312514300036,0.2171686153846153,-0.1204173962096164,-0.2293992865539549,4.22213602437528,93.75,2.873132263511746,4.565086758572978e-05,3.912087883655204e-05,2.063950606383716e-07,0
0.0672505373903706,0.004394385524527,0.2113273846153845,-0.1371823499022166,-0.222279254120961,3.893886179794935,93.75,2.848546552986162,4.901422072590219e-05,4.475594671405354e-05,1.8862501967468204e-07,0
0.0678664407195083,0.0044821863577073,0.2144566153846153,-0.1581861398821016,-0.0901854380930988,3.915039135924217,93.75,2.86931357897665,5.601840607662492e-05,3.881436448318787e-05,1.9083227171752045e-07,0
0.0624536628858476,0.0038013687751253,0.199644923076923,-0.2111281133244129,-0.0947848937241132,3.964591817282333,93.75,2.926321702132123,4.3615627166069954e-05,3.539401545406459e-05,2.310908730831505e-07,0
0.0695697225930292,0.0045419061355203,0.2367784615384615,-0.207837665745203,-0.2298985644029071,4.152732560106105,93.75,2.7973419135043662,5.336578810616757e-05,4.682302449463557e-05,1.8225302320177817e-07,0
0.0627232293112562,0.0037852236096159,0.2071550769230769,0.0553870630123647,-0.224067837879159,4.123581083508308,93.75,2.9381090473557085,4.237275556203143e-05,3.581805158681215e-05,1.9703917384299042e-07,0
0.0646641405683192,0.0040303275231427,0.2042344615384615,-0.1498923300528609,-0.1949720209271092,3.8879935509676966,93.75,2.8877431347860045,4.774711836891601e-05,3.867357170206206e-05,2.3486854187483605e-07,0
0.0648354176430148,0.0040673941275063,0.2154996923076923,0.0354665430616214,-0.2431128257354503,4.1632561482863535,93.75,2.849119868711714,4.3956332553141794e-05,3.8856709393881394e-05,2.2114548197507906e-07,0
0.0652423213222344,0.0040719956119998,0.208824,-0.166551551482462,-0.0431131597373623,3.961904010234152,93.75,2.9310539443356296,4.988477107648592e-05,3.577967726402605e-05,2.0759956910050377e-07,0
0.0671708987388992,0.0042635155626389,0.2117446153846153,-0.1304127631247325,-0.2187978524549512,3.882344099527747,93.75,2.9146692051352625,4.937742425738523e-05,3.847950986489138e-05,1.8160123736438645e-07,0
0.0634345707688463,0.0038765026015921,0.2102843076923076,-0.1371108464628778,-0.0280688386935162,4.141498152168979,93.75,2.949743415671812,4.764568407494773e-05,3.725575529100143e-05,1.9812445180294925e-07,0
0.0668691913401816,0.0043487146063532,0.2246787692307692,-0.0876762444107583,-0.0961476073986003,4.231672056888228,93.75,2.8713712725099065,5.214884084046788e-05,3.881003071215714e-05,2.106031900735918e-07,0
0.0678186015463437,0.0044717287274065,0.224052923076923,0.0535390518593668,-0.2887874200850321,4.10139904373389,93.75,2.8492404449640163,5.446698428744336e-05,4.2562774387757474e-05,2.1356685241422885e-07,0
0.0669093141008512,0.0042587356151185,0.2275993846153846,-0.2379014291603054,-0.231688492252355,4.165642997602968,93.75,2.8489294212558454,4.7960683486836506e-05,4.2564335710748976e-05,2.1258865667849562e-07,0
0.065121611165823,0.0041161556962517,0.2184203076923076,0.0135438039138682,-0.2936527390343464,4.15966957777926,93.75,2.9349613446073928,4.828470506296904e-05,3.7322809415111534e-05,2.4090704174014275e-07,0
0.0653120469417739,0.004040267983574,0.2196719999999999,-0.0020933487956442,-0.0986112330665932,4.194516581707743,93.75,2.957373197602875,4.590919700265906e-05,3.8467568795112304e-05,2.1856201591172802e-07,0
0.0663389073494811,0.0041640371219851,0.2232184615384615,-0.2467581738584106,-0.1045388723554038,4.160474933144553,93.75,2.8811530788115425,4.6187190327213886e-05,4.207025912266568e-05,2.1682752947120573e-07,0
0.0646780760082079,0.0039243106260013,0.2052775384615384,-0.2025257633264718,-0.1987019997497809,3.8989138801620697,93.75,2.8320440939674443,4.800932063939699e-05,3.874787314233006e-05,2.1677322065390537e-07,0
0.0720840291836679,0.0050678003236198,0.224052923076923,-0.109142480458614,-0.1595360820211397,3.8583142066216607,93.75,2.8637185398150606,5.71057602973261e-05,4.813257636321565e-05,2.193990189885244e-07,0
0.065305495735646,0.0040539194638217,0.2044430769230769,-0.1204711151628878,-0.1241730793424529,3.864864550594697,93.75,2.903486387239961,4.790502188355258e-05,3.726477660080048e-05,2.2717802780680882e-07,0
0.0637144708214725,0.0038760081053586,0.2154996923076923,-0.059852414971671,-0.0818628340766648,4.225234940551615,93.75,2.936028151559752,4.507047902838234e-05,3.529583598320497e-05,2.295973929252901e-07,0
0.0618144581927607,0.0036778116800553,0.1965156923076922,-0.2248327526601379,-0.1775745750272246,3.9054054499562416,93.75,2.856373948763882,4.165600715609327e-05,3.8707866714770856e-05,1.968164270835905e-07,0
0.0674525711878712,0.0044440638761791,0.210492923076923,-0.1533319588153032,-0.0987373607926763,3.879129385272588,93.75,2.845626900405529,5.367690278875073e-05,4.075350090685327e-05,2.0634369205674041e-07,0
0.0681260156574131,0.0045240642407892,0.2136221538461538,0.0106274014384561,-0.2383916706434926,3.896465226013493,93.75,2.832788155605727,5.310315270564434e-05,4.362385316013199e-05,1.983543232364136e-07,0
0.0658116738469993,0.0042537607236934,0.2059033846153846,-0.0826264769160718,-0.2186488430788147,3.867085035887841,93.75,2.8116322853562243,4.997070841198402e-05,4.226185748247883e-05,1.7765566868621474e-07,0
0.0668752123454351,0.0042660601067319,0.208824,-0.1549840315285191,-0.0498672982012826,3.905551882789888,93.75,2.862545564212366,5.012353433061946e-05,4.304562060492924e-05,1.8531804982572105e-07,0
0.0637847003890942,0.0038584361207954,0.2004793846153846,0.0364579135879661,-0.2107274135502848,3.9027462543861215,93.75,2.910973419650216,4.427051808048224e-05,3.883725585354393e-05,1.810023861695578e-07,0
0.0632615122652571,0.0039134535740395,0.2090326153846154,-0.2962318597572673,-0.1525880918872263,4.0492030278524025,93.75,2.908668529049151,5.043403891539039e-05,3.488148484217779e-05,2.284956688144627e-07,0
0.0641068520400728,0.0037711989786634,0.199644923076923,-0.1164681892731129,-0.0402088161779394,3.902202062892352,93.75,2.9052987604447367,4.477831940114071e-05,3.280887639413809e-05,1.9919362556249705e-07,0
0.066454578995611,0.0041843250979425,0.2196719999999999,0.0869256152669173,-0.2270091213545657,4.131269996319413,93.75,2.93951574048597,4.903082073535179e-05,3.790587927129895e-05,2.1328149252526498e-07,0
0.0651954630866181,0.0040919413436333,0.2248873846153846,-0.0851404866175169,-0.2458145304409281,4.252145257213904,93.75,2.8433254020507466,5.123895374811873e-05,3.534159782413546e-05,2.0443224786481933e-07,0
0.0662234297954184,0.004249775818638,0.2123704615384615,0.1109386782569377,-0.1082118316586482,4.040574290057427,93.75,2.895519130553884,4.893385397910812e-05,4.139525648079344e-05,2.028161101135842e-07,0
0.0708355811332836,0.0048398006832847,0.2292683076923077,0.0904322450300161,-0.1617399105016272,4.054020429064626,93.75,2.756172409073077,5.8885714235913945e-05,4.45955701103792e-05,2.1301749430826417e-07,0
0.0654024919429626,0.0040540284707852,0.205068923076923,-0.0345035538905205,-0.2570506646088951,3.861252368108237,93.75,2.8549839902001106,4.578790166640352e-05,3.999615915173064e-05,2.1901605373396965e-07,0
0.0635714298830762,0.0038396113296404,0.2161255384615384,-0.2524765416099015,-0.1074361758342551,4.194040985640027,93.75,2.892370063466103,4.387076722623366e-05,3.969533212655488e-05,1.8019374698070257e-07,0
0.0648912561346019,0.0040572342186463,0.2021483076923077,-0.2011000501831668,-0.0798196229428937,3.8831816245747937,93.75,2.8567996797577284,4.3162312892879633e-05,4.0527524531236113e-05,2.11515137495288e-07,0
0.0639437900076781,0.003944349066464,0.2138307692307692,0.0932512054720122,-0.1550188425501144,4.187503294244837,93.75,2.848177676252431,4.604811638165439e-05,3.813097988811392e-05,1.9079789214732133e-07,0
0.0692065593305462,0.0047105992256621,0.226764923076923,0.1213698004366676,-0.1506202426119876,4.115322722321325,93.75,2.820903395792969,6.047460019944705e-05,4.287766292277323e-05,1.9030582191090569e-07,0
0.069449108054134,0.0044802669149991,0.2234270769230769,0.1355149844556398,-0.1865634066590072,4.014406728420506,93.75,2.907214000904001,5.550635235441596e-05,4.22059555883086e-05,2.322112477497933e-07,0
0.0710299613504392,0.0048859856550008,0.2290596923076923,-0.2913859219937764,-0.2218347051072232,3.943253872555024,93.75,2.8507096116009154,6.31911956091012e-05,3.972157750467691e-05,2.032243567000773e-07,0
0.2868005442004311,0.0817744543335299,1.4338135384615385,4.446738889607349,-0.1803254588761986,7.330061938511532,656.25,2.906774001896583,0.0015339921189424,0.0001794333526807,2.471929417705141e-07,1
0.2968497075275365,0.0876341762099646,1.4744935384615383,4.126534854118005,-0.2326783597918041,7.316662571625033,656.25,2.9404345289235625,0.0017579848343476,0.0002088987480748,2.4991193457964505e-07,1
0.2827516046497166,0.079513733523525,1.3501587692307693,4.343812488591037,-0.0999266960094541,7.028820935651859,656.25,2.924137106263301,0.0015000889254505,0.0001363781786121,2.487425380893548e-07,1
0.275855766026804,0.0755972289115619,1.3731064615384616,4.408717570498108,-0.1192863667169562,7.386411608594971,656.25,2.934521537567495,0.0014098219190927,0.000183659568501,3.237370810525022e-07,1
0.2848998101557538,0.0807704207213269,1.4179587692307691,4.070340562587859,0.030540263458211,7.35623515519964,656.25,2.965221390234547,0.0015310880252615,0.0001717331927755,2.512348535402512e-07,1
0.2768887150548758,0.0762726284617388,1.4398633846153848,4.257216898414075,-0.1792572152294779,7.4989377905259635,656.25,2.9410241684234,0.001563930055533,0.0001816237362764,3.4416750451220897e-07,1
0.2737372610050403,0.0745403294124059,1.406484923076923,4.383822874304479,-0.0652047234615526,7.400257619271987,656.25,2.9688705133710074,0.0013804478805388,0.0001847791731723,3.2286708555115565e-07,1
0.2814680094433678,0.0787874711342516,1.4246344615384614,4.012621535123912,-0.2722391003329258,7.307918065328989,656.25,2.911305701400841,0.0015232014170847,0.0001481457784438,2.2543832946989945e-07,1
0.2728160944144623,0.0741040232339805,1.3839544615384616,4.039347048034915,-0.0180416339006702,7.328531918529994,656.25,2.9490628232461846,0.0015541916270874,0.0001768686794426,2.952191774568877e-07,1
0.2745801267942003,0.0749328097001857,1.3699772307692308,4.3915413611144345,0.0657740160127735,7.353155359168041,656.25,2.963627688660111,0.0015162625518369,0.0001905383622655,2.312740947834679e-07,1
0.280140534181525,0.0780784302938004,1.3758184615384614,4.391720165394992,-0.2066727240194057,7.209831405081147,656.25,2.9575710616161004,0.0014483581647599,0.0001605284082249,2.7396583481148857e-07,1
0.2696184631656081,0.0723556411724635,1.3328436923076925,4.185214354564431,-0.1398874495763311,7.216365866841325,656.25,2.9521424044265885,0.0013645280997244,0.0001847467739075,2.2654137493468905e-07,1
0.1979129450517353,0.0388805055514329,1.0095293333333333,4.3867490286617565,-0.0860815336310277,7.434040709512828,656.25,1.885428715267197,0.0008099846671785,3.9338669179190815e-06,5.634144117703662e-08,1
0.2762125328535163,0.0759446438734512,1.3222043076923076,4.386492413676997,0.1128328697776359,7.086137288734474,656.25,2.9413793863332365,0.0013367525722229,0.0001835964557224,2.1250458638386569e-07,1
0.2689632660567753,0.0719229313348969,1.382076923076923,4.312789934563485,-0.2238163828638701,7.497586141817438,656.25,2.915444834325868,0.0013530632032064,0.0001758108041609,2.4228890384571266e-07,1
0.2860497013910593,0.0814297117456192,1.4703212307692308,4.423547335036821,0.1274185685256543,7.511403345973848,656.25,2.965702783391311,0.0014910958642981,0.0001847189188359,2.7335025184545096e-07,1
0.263615060948713,0.0690960079775095,1.3455692307692309,4.339499346062319,0.0110642784261829,7.416206824657184,656.25,2.956103142238052,0.0012538836370798,0.0001678202532828,3.1468225009829586e-07,1
0.3002593690818472,0.0896501945688997,1.5664929230769231,4.031837311449572,-0.3091190934872614,7.598354503873307,656.25,2.881758577866379,0.0018152378599272,0.0002337321798068,2.24961828635446e-07,1
0.2801143864995812,0.0780838696903508,1.406484923076923,4.138727100173904,0.0747061270499796,7.337727844789153,656.25,3.0017815927773435,0.0013357874240559,0.0001846982025351,2.297706946825223e-07,1
0.28336263138773,0.0797920148610345,1.4505027692307693,4.394199925311535,-0.3221599585014597,7.509137827235956,656.25,2.9163490919171373,0.001708598324054,0.0001658796224204,2.904862241958132e-07,1
0.2707654026444231,0.0729451517646121,1.3543310769230767,4.05421989372117,-0.0471344580439269,7.245270786602106,656.25,2.9769999135101406,0.0014315800782476,0.0001825534525248,3.14738371168622e-07,1
0.2040628949878472,0.0412771535867244,0.9961746666666668,3.9555914497828857,0.1181089116833062,7.134919405723986,656.25,1.9387377598297373,0.0008755262992505,4.209281944653312e-06,9.72428311368984e-08,1
0.2885066562375961,0.0827994023796941,1.4192104615384615,4.516120439647202,-0.3332668876370981,7.268643581899909,656.25,2.9361881671517094,0.001734224145552,0.0001991774816145,2.3057391219748966e-07,1
0.279085135193106,0.0775715912433819,1.4035643076923077,4.327992531469345,0.1383636095083207,7.444154172368218,656.25,2.9956412087976845,0.0013152856203266,0.0001724829960174,2.795357706998571e-07,1
0.2739066219231714,0.0747100342111095,1.4192104615384615,3.971550370863524,-0.0161638713234521,7.45226354930602,656.25,2.959332554650095,0.0014140124782013,0.0001816104714582,2.8609746868525895e-07,1
0.2782673786167485,0.0770662090405621,1.4212966153846154,4.022683080729641,0.0527441496579048,7.440291014757651,656.25,2.9844656457586174,0.0014737935118529,0.0001669423195625,3.173946157841892e-07,1
0.2719019817829144,0.0735775450454874,1.394802461538461,4.0189510646303646,-0.2319624106646961,7.37620815522688,656.25,2.95196579177565,0.0014101609377541,0.0001952617141013,3.560144533290708e-07,1
0.2730100124653664,0.0740564469949878,1.3726892307692309,3.9909476479417583,-0.0418996198196904,7.301065419565116,656.25,2.9798148792688326,0.0014237084405426,0.0001858036840878,2.8699346823467184e-07,1
0.2728449107041116,0.0740318801741852,1.4413236923076924,3.984429150261466,-0.1226496844670149,7.609325055705076,656.25,2.9117775153042715,0.0014193198734258,0.0001778399537301,2.6555697479035865e-07,1
0.2573914088351837,0.0658834144418035,1.3263766153846153,4.139063576244583,-0.1267154923621642,7.481000883954469,656.25,2.950845566357536,0.0013448995011335,0.000147918046388,2.298320436246697e-07,1
0.1783915745960366,0.0313892494536754,0.8930933333333333,4.112293383068659,0.0918899913025471,7.181148643713313,656.25,2.0334480443056253,0.0006405869467618,3.989229184036591e-06,6.644382348563782e-08,1
0.1804912298871096,0.0321319174739575,0.9210546666666668,4.063635922162339,0.1589746558737819,7.226532055192476,656.25,1.9755511681774929,0.0007058167106436,4.056291654240296e-06,7.908842415112639e-08,1
0.1897524049102124,0.0354731062472747,0.960284,4.071069858455202,0.2911978133575851,7.321159965394314,656.25,1.9593442022211465,0.0007548268489936,4.351132717229737e-06,8.35588817442663e-08,1
0.2762181347206104,0.0758248748063878,1.4131606153846152,4.362916818189547,-0.2314804361241554,7.543577105054735,656.25,2.9766537907860333,0.0014430347453786,0.0001817591876609,2.5300111185836573e-07,1
0.2763459328210985,0.0757620543285748,1.447164923076923,3.920521597884364,-0.0585871429823163,7.499067174914524,656.25,2.9676094712066807,0.0014386152660484,0.0002139470496466,2.902691833875764e-07,1
0.2764976836485828,0.0759867627975259,1.4154553846153843,4.574099172413839,-0.0913570763309263,7.516541133183109,656.25,2.9651412314909527,0.0013785053079177,0.0001629176176846,2.372677126183505e-07,1
0.2994168611402625,0.0892971226353265,1.4909741538461538,3.872954401514332,-0.3599639495274958,7.333855397795097,656.25,2.9272792077620395,0.0014870118680531,0.0002211699064542,2.2818264954651682e-07,1
0.3002778689012106,0.0897173832296388,1.4738676923076923,3.917761364512426,-0.4147181855606636,7.180123540934126,656.25,2.924174882619873,0.0017056873240247,0.0002141786392087,2.176074801630777e-07,1
0.2735954589575325,0.0744207533742921,1.3954283076923075,3.812116686331152,-0.0482202580320498,7.344988142098428,656.25,2.932638838096394,0.0015551989896926,0.0001709452459092,2.7268805734338624e-07,1
0.2596363198701778,0.0670109296965596,1.3785304615384617,4.230463464546973,0.0807550078684151,7.663270958724519,656.25,2.938234561652239,0.0013454611811154,0.0001667999567356,2.355761327977779e-07,1
0.2893822817382701,0.0833333263911036,1.4974412307692306,4.4804482735686,0.0922931475605541,7.658962268819283,656.25,2.9734612527355075,0.0017545789796272,0.0001922819022442,2.5636607331169304e-07,1
0.2654032055178448,0.0700118090036799,1.318032,4.497250053460424,-0.2403161557176983,7.364327464322205,656.25,2.9632449370953373,0.0013518913919133,0.0001616060136996,2.4184391886828603e-07,1
0.270707416985545,0.0728815972232442,1.3970972307692306,4.430604546452229,-0.1371953123679721,7.546708120809034,656.25,3.00221234636582,0.0013061994577122,0.0001940155858671,2.256255736928872e-07,1
0.2658603819232182,0.0701826498647447,1.4012695384615383,4.257463988511116,0.0597800565540854,7.667944570856399,656.25,2.973829137255968,0.0014622400745554,0.0001653484804341,2.429272397277494e-07,1
0.2722413557064566,0.0735696265115539,1.3276283076923077,3.944822259322008,-0.02241289075893,6.9801252310933375,656.25,2.961603487061613,0.001407763876579,0.0001628878815237,3.229574409009905e-07,1
0.2682580493736405,0.0714548741011279,1.2973790769230769,3.9627187442160094,-0.045024086437618,7.021806813603521,656.25,2.961554177494291,0.0013180261181511,0.0001690100229368,2.867907676750507e-07,1
0.2717452017461579,0.0733330988372198,1.3130252307692305,3.94546394060921,-0.0256181611904173,6.977263905033375,656.25,2.9557466674883703,0.001361197091312,0.0001673143668705,2.17421993859238e-07,1
0.2739618405984852,0.074660467318742,1.3801993846153846,3.7903344151319134,-0.126040721627269,7.216244627093785,656.25,2.9399378728075383,0.0015202217237086,0.000172136101217,2.074010035773358e-07,1
0.287540718695348,0.0822901088356011,1.4160812307692308,3.745903515946672,0.0604843186736141,7.1720325845718005,656.25,2.941844871602217,0.0014734464165008,0.0001722147601895,2.688292861986859e-07,1
0.2717915562316108,0.0734420046627589,1.4240086153846152,4.326122285262416,-0.1842959661517758,7.702068561092511,656.25,2.951174511863733,0.0015017294732555,0.0001836704743217,2.415430005313791e-07,1
0.2977696508320073,0.0882280904974497,1.3945938461538463,3.846299928603332,-0.1522964137809628,6.857567271111531,656.25,2.8969468135652034,0.0017926123568288,0.0002328912370973,2.170403274586793e-07,1
0.2773760437927723,0.0765033914142887,1.2940412307692306,4.104383334033775,-0.0925972338513258,6.85315604203803,656.25,2.9489503979372684,0.0015561802787471,0.0001761859382163,2.230407560553913e-07,1
0.2558067388563343,0.0648986913396975,1.334095384615385,4.044330011886217,-0.0699753222622265,7.545939664102873,656.25,2.97823007905053,0.0012656957132819,0.0001547322673776,2.424585959958511e-07,1
0.2905893274741746,0.0841569504245039,1.359337846153846,3.9810993768998992,-0.2138443928802144,6.90530655650679,656.25,2.9568849992341155,0.0015693325023558,0.0001941683916153,2.503422117167403e-07,1
0.284441215688441,0.0804672512911396,1.434648,4.686781195566906,0.0465771291548836,7.502830196843532,656.25,2.9837404514974364,0.0013411408793204,0.0001892463140397,2.075003551076972e-07,1
0.2691601352652872,0.0720737685935896,1.2955015384615385,3.88826817372868,-0.0473541713793174,6.98873133936218,656.25,2.946414708954399,0.0013915715391428,0.0001818402682961,2.435591332256554e-07,1
0.2090129585580648,0.0433611043546272,0.9682133333333334,4.1075162388672455,0.0920291367232451,6.776688114015907,656.25,1.8885498224750976,0.0009850190245635,4.417043516115492e-06,6.622883099171154e-08,1
0.2717126320108964,0.0732323121880859,1.388544,4.607091738439832,0.1977588282549671,7.553510064224802,656.25,2.979351835517951,0.0013852236458977,0.0001500187800293,2.2389094258619373e-07,1
0.1735429459297487,0.0297188230145828,0.88266,3.9302171907714616,-0.0068080612932238,7.304195895500088,656.25,1.965939562462023,0.0005368879760971,3.0055214026946693e-06,6.814426357305845e-08,1
0.2686471395070312,0.0717319921802418,1.4094055384615385,4.497420212321524,-0.0326942942360234,7.76836821467718,656.25,2.9542423697598914,0.001480981418137,0.0001703626814966,2.085385104749485e-07,1
0.2832966556419461,0.0798416244753941,1.412952,3.641986461340037,-0.0329284279295985,7.129682201869255,656.25,2.9237710627841538,0.001582885299928,0.0002117945655524,3.501319552901316e-07,1
0.2802009475534099,0.078080709809032,1.4951464615384615,4.446499347466168,-0.0764978637043799,7.86871368136181,656.25,2.936451418565082,0.001600199229103,0.0001952194514863,2.4245290840164695e-07,1
0.2833166911014871,0.0798011384133387,1.487219076923077,4.420637161714808,0.0521385282978662,7.834649857912369,656.25,2.973731120129134,0.0014319430268145,0.0001689956387633,2.536420282482108e-07,1
0.2874783434877947,0.0821426686511828,1.5066203076923077,4.840352041006232,-0.1709676400103362,7.680516729956006,656.25,2.8860780468664604,0.0016400921628969,0.0001817981580963,2.419539016554597e-07,1
0.2766498367302752,0.0761285378265317,1.499736,4.415702358686387,-0.1308940380397149,7.917630381181042,656.25,2.915208087650326,0.0016124794051633,0.0001816974271469,2.401180957907793e-07,1
0.2933810239780031,0.0855215630604888,1.5894406153846157,4.356939115173651,-0.2574787492517956,7.915859824640169,656.25,2.932954029785436,0.0015305245157859,0.0001799702012302,2.892909309386644e-07,1
0.2792313009891909,0.0774310043842347,1.4932689230769232,4.534992121134205,-0.3228682607406704,7.834522920038744,656.25,2.907499277813735,0.0016301915569486,0.0002015576974083,2.543448598763132e-07,1
0.2756297626653093,0.075627067624488,1.3996006153846152,4.79590782421872,-0.3399138829870824,7.447256184972692,656.25,2.953031563789101,0.0015408714555039,0.0001842262899808,2.582409038466108e-07,1
0.2895742021782444,0.0833750204713545,1.5124615384615383,4.711023414484442,0.2152622661838802,7.772966970604986,656.25,2.949444897101363,0.0016772306862512,0.0001803603853791,2.952454977549885e-07,1
0.2838857640568717,0.0802773061285347,1.516633846153846,4.571677548817698,0.0370502341351625,7.84005755938271,656.25,2.9979506390055426,0.0015198623163408,0.0001927707573199,2.555388248158289e-07,1
0.2890283705780832,0.0830288864436235,1.5689963076923077,4.4038300195608935,0.2170427909858846,7.935685695342082,656.25,2.9537142352090275,0.0017130557147723,0.0001940118916795,2.563202236632615e-07,1
0.2879756933295935,0.0825228714011247,1.356625846153846,3.752387489642129,-0.3741303777356183,6.9211118770504525,656.25,2.9201666874849246,0.0017634171559918,0.0001760722701072,2.611817875115036e-07,1
0.2886871841177828,0.0829380877550504,1.509540923076923,4.692691960865327,-0.2644733070827217,7.769206979228995,656.25,2.958717691256444,0.0016022672433915,0.00018062929253,2.540556213457366e-07,1
0.2788749583084888,0.0772860871325543,1.508706461538461,4.562930880061197,-0.1123817207202772,7.8639827610839825,656.25,2.986632585684444,0.001439433236227,0.000165784557874,3.341338806342529e-07,1
0.190735299729952,0.0361518273657269,0.9243933333333332,4.904785167210596,0.1204719926225644,7.261759737916587,656.25,1.970015441920132,0.0007615157826211,4.382430910728531e-06,8.641334304407224e-08,1
0.1819591565589203,0.0327581280880269,0.99534,4.389692731802598,0.0948342647566116,7.908321074660472,656.25,1.894240063709314,0.0006258191315876,2.922524907417428e-06,7.507789775384863e-08,1
0.2672568607203734,0.0710851113008453,1.4669833846153846,3.743087443502298,-0.1374480522747303,7.830691969748708,656.25,2.9225045189871293,0.0013208897850978,0.0001886204615099,2.308826607479776e-07,1
0.2651337103189881,0.0700468019448162,1.4644799999999998,4.3528346318235,-0.0571838583893021,7.98577543450735,656.25,2.972569547999912,0.0013037478141564,0.0001617941515429,2.263379457735548e-07,1
0.1655934057908581,0.0271855835409165,0.8476039999999999,3.721167574959937,0.178412502273175,7.1852443325364765,656.25,1.98757307557619,0.0005903717118931,3.626702559288253e-06,8.96552144488706e-08,1
0.2812122381564242,0.0785550018194848,1.4567612307692306,4.898190321893479,-0.3054572715309359,7.646591612931483,656.25,2.9404691676492334,0.0014862947076263,0.0002072293330159,2.0522580874201458e-07,1
0.2763993412300327,0.0759063025454203,1.2721366153846154,3.826074940212023,-0.1614509558489776,6.678136721052715,656.25,2.941271753763238,0.0014735114586218,0.0001791680410613,2.8702847016000575e-07,1
0.2846248467199812,0.0806471031904344,1.4496683076923078,4.888277389185081,-0.3908909564274619,7.540629793700761,656.25,2.9619868999358183,0.0013735112963391,0.0001934077390723,2.91136812332753e-07,1
0.2854999912884908,0.0810860505647496,1.316363076923077,3.778069933789866,-0.244786866003241,6.7229174602418444,656.25,2.9657019381742447,0.0014537788019163,0.0001844109967173,2.5094904007908293e-07,1
0.2288438608350134,0.0519908923918472,1.13932,5.046312316288839,0.1387243650546746,7.538792116409151,656.25,1.7615369442094515,0.0009528811796451,3.8199536148485935e-06,7.775640964491986e-08,1
0.184259413768647,0.033566628521645,0.977812,3.538820187738292,0.1254852169023438,7.494145092865323,656.25,1.9947999840494488,0.0007516430027356,4.190872383012458e-06,7.390386688750823e-08,1
0.2748121756052735,0.0751745401149203,1.288825846153846,3.615302883311676,0.0628712797591447,6.810736370570924,656.25,2.942342537269415,0.0014898159267537,0.0001446128779816,2.164432245213667e-07,1
0.2667375782730095,0.0707604845741295,1.38312,3.443044917702053,-0.0828269046889622,7.391798870366552,656.25,2.925080076909946,0.0013642054901061,0.0001507348802407,2.393942718688953e-07,1
0.2716857595200262,0.0733752281285936,1.265878153846154,3.714072628607663,-0.0280653882204362,6.718961397414996,656.25,2.969422392535216,0.0013774689911546,0.0001964225986636,3.097143098631514e-07,1
0.2708725892820856,0.0728231086440296,1.4680264615384615,4.744178888074659,0.0506647519403436,7.935802923899775,656.25,2.9631728546930254,0.0014177384749263,0.0001957057823939,2.465489898460449e-07,1
0.2922665293265183,0.0849081888290848,1.619689846153846,4.440566917913165,0.1827672796527258,8.12404805884492,656.25,2.9503668269212686,0.0016065202889717,0.0001521536783736,2.956599782474132e-07,1
0.2603125963682447,0.0672535838352604,1.4586387692307692,4.386702765492922,-0.0749660311431097,8.096444821790412,656.25,2.969853805826362,0.0013259547565209,0.0001952933801256,2.18676263946324e-07,1
0.1628412317681443,0.0260445217661386,0.777492,3.782552138268256,0.1559111996840531,6.802530413965378,656.25,2.0552007965246646,0.0005056891466015,3.887620671315035e-06,7.487768857332453e-08,1
0.2660092415975463,0.0702482056416126,1.4014781538461538,3.395691481477142,-0.10658033223144,7.471521562044218,656.25,2.92666701038012,0.0014221246524045,0.0001572306001348,2.324846804637964e-07,1
0.2738617338811783,0.0746607395153904,1.2043366153846151,4.020715245494339,-0.0761139596668216,6.447893950170761,656.25,2.9284595594981613,0.0015026879224302,0.0001813412541784,3.28109706566757e-07,1
0.1718616611939692,0.0291383922918427,0.9310706666666666,3.502674096177196,-0.027821138566737,7.4531396449973775,656.25,1.870462691993858,0.0006638164071049,2.691674295340998e-06,6.439859910227058e-08,1
0.1827236445497785,0.033155821640536,0.9636226666666666,4.976090058539461,0.1392156590386502,7.745123493864312,656.25,2.005966854126113,0.0007572545187086,4.381940520599244e-06,8.395122747086049e-08,1
0.2876692164031497,0.0821678692452304,1.5664929230769231,4.795319758850519,0.2409300482953916,8.010275457420114,656.25,2.937156160436554,0.0014307149498569,0.0002270451628927,2.8953378559174e-07,1
0.2594640392834517,0.0669209240047788,1.4240086153846152,4.708591540989263,-0.1505021799512786,7.998859770237657,656.25,2.970941224256771,0.0013060298379629,0.0001731988864998,2.399453810788407e-07,1
0.2898929486347241,0.0836418608760615,1.610302153846154,4.030566508026031,-0.1963591813109705,8.1822686307709,656.25,2.9027874266482114,0.0014710294043172,0.0001799985589563,2.1926067092255066e-07,1
0.2112293387669269,0.044286472922536,1.1885653333333333,4.8117154066484265,0.0698289446428143,8.120081972751585,656.25,1.91132475577008,0.0009414457476579,4.831850670691333e-06,7.771066761355228e-08,1
0.2032880265165481,0.0411504746007078,1.038070153846154,3.971000251387984,-0.0956251261617368,7.280544334586439,750.0,1.9297264303917805,0.0008659704812601,3.912330482091289e-06,5.20264597034052e-08,2
0.2039178999667713,0.0414227693200619,1.038070153846154,3.771082212851669,-0.1198400974869256,7.045336885218667,750.0,1.83462426859384,0.0008637646608156,3.589595749498392e-06,4.5585648045447866e-08,2
0.1300121910442497,0.0166836870196433,0.5252935384615384,0.8749724160406416,0.0063338048503824,5.249410593421656,750.0,2.1993020852580942,0.0003391506475128,3.042615552543154e-06,4.7796439379558446e-08,2
0.1397385829481528,0.0193499017633523,0.5430258461538462,0.5891390584721798,0.0793876413160533,4.947396593404958,750.0,2.147514554093694,0.0003734672824041,2.802926055814052e-06,5.1960835540394594e-08,2
0.1550577711371581,0.023947891229278,0.5611753846153846,0.497880195738793,-0.0402700054829879,4.639774311340959,750.0,2.077349332364559,0.0005315895968145,2.5981578677191163e-06,4.365724787010844e-08,2
0.1358871832336891,0.0182978101795541,0.4679243076923077,0.5657602980456122,-0.0995529691804708,4.429843521836395,750.0,2.1523418922651274,0.0003929702898183,2.846693043449827e-06,5.0082003226200535e-08,2
0.1306262018181647,0.016886651919982,0.4810670769230769,0.3430297442688319,0.050340557265748,4.751964386077091,750.0,2.185377936820078,0.000384934806581,2.5288687501142715e-06,4.8970204430778616e-08,2
0.1358872313208637,0.0184158675609699,0.5275883076923077,0.2252435625799669,-0.1228538034159772,4.850525869843213,750.0,2.1803895337975145,0.0003922985015118,2.785889922121065e-06,4.9146123472268704e-08,2
0.1373890539664921,0.0187092493871243,0.4727224615384615,0.4491022603383046,0.0770778613092069,4.426000325690893,750.0,2.1871340570497835,0.0003882819398759,3.064892551114495e-06,5.0051344985449374e-08,2
0.1324382490516925,0.0173398837296578,0.466464,0.3711176879724536,-0.0685133259986613,4.516204565428278,750.0,2.194388005818797,0.0003808066240683,3.246410664603499e-06,4.876395783470787e-08,2
0.1397875457156378,0.0194827763044071,0.5275883076923077,0.151661679057383,-0.0558537804818238,4.74591833687152,750.0,2.077179662237381,0.0004496098523931,2.655888312599665e-06,4.8903006531748014e-08,2
0.129507641630639,0.0166803277054118,0.5000510769230769,0.1184189882219226,0.0028584168344436,4.825269545902964,750.0,2.226264262869821,0.0003842629399838,3.2252194718334034e-06,4.684412388853328e-08,2
0.1312706447623758,0.0170779040980579,0.4487316923076923,0.3713376781664363,-0.1219876965660249,4.3771288942756525,750.0,2.1944872564665947,0.0003791782721819,2.956225947350047e-06,4.953138059292536e-08,2
0.1372602087164409,0.0187365793243143,0.4869083076923076,0.2380620427438273,-0.0195599413595377,4.492865563569383,750.0,2.196189015554171,0.0003844954978998,3.1263558480274745e-06,5.0802977780010206e-08,2
0.1391454212951526,0.0191507344737538,0.4873255384615384,0.2721512310259801,0.0405528468362113,4.433577863794206,750.0,2.1313710003672,0.0003899449053728,3.0771680423984628e-06,5.1115824272416274e-08,2
0.1267481461550359,0.0159159435296823,0.4702190769230769,0.1048256096822708,-0.0990482065437513,4.666444482522336,750.0,2.202199415685344,0.0003331194740463,3.3648141929457214e-06,4.773572876201477e-08,2
0.1366867264809303,0.018635317535095,0.5065181538461538,-0.0022777586779967,0.0775197653317582,4.642373311935016,750.0,2.0954380515359583,0.0004093463936426,2.9912009901181275e-06,4.7421365116936993e-08,2
0.127736134786982,0.0162328545661877,0.4460196923076923,0.1555690573074826,-0.0285954251896583,4.397577125696808,750.0,2.2218997269132075,0.0003624243861923,2.661580131612121e-06,5.24548654300002e-08,2
0.1260736607598758,0.0158028479436425,0.4270356923076923,0.182091013577839,-0.032046990697064,4.349394859908805,750.0,2.249038050479219,0.0003658771979195,3.517101480047074e-06,4.992869270148532e-08,2
0.1475191254767719,0.0216720725646965,0.5058923076923076,0.1321617393487457,0.0335057049020293,4.330855231345697,750.0,2.026830229411584,0.0004753547034119,2.6037979414968136e-06,4.647573603009069e-08,2
0.1381371404514919,0.0189285063170574,0.4637519999999999,0.1220569865889475,0.0415191216652007,4.261414587522198,750.0,2.23153013640779,0.0004131885044023,2.8310480667405543e-06,4.9682333127062974e-08,2
0.1500650064560564,0.0223428072745306,0.4969218461538461,0.1295804898929695,-0.0498820427957962,4.182461780778943,750.0,2.094911987820022,0.0004688894603872,3.3684916929687367e-06,5.3912447261319326e-08,2
0.1287987950010196,0.0165101067307103,0.4099292307692307,0.2270252489016275,0.1913000535660669,4.05079967983566,750.0,2.2171547011639032,0.0003804296656632,3.2070719440645973e-06,4.6484756007544884e-08,2
0.1375576541561066,0.0188722988291472,0.4631261538461538,0.0713964528604216,0.0382128122539645,4.218225562763379,750.0,2.2061686297282765,0.0003943310401143,2.7446112351371496e-06,4.66959368621531e-08,2
0.1203213949618544,0.0142254572299337,0.4136843076923076,0.0176317425456247,0.1535939715119745,4.329176944577073,750.0,2.2959483967192527,0.0002862038040751,2.567587631147538e-06,4.893960084426818e-08,2
0.112615550286586,0.0125196844487468,0.3638252307692307,0.0903807202925519,0.0589191635262069,4.174413396359693,750.0,2.3463414712858786,0.0002611570420235,2.916676689163015e-06,4.8372883832292144e-08,2
0.1320963892720277,0.0173104128448982,0.4428904615384615,-0.0089095325270713,-0.0969834515413085,4.221159063561704,750.0,2.166523289132188,0.0003585551800568,3.2384570406682154e-06,5.3017790547136576e-08,2
0.1462471457582654,0.0212684797876155,0.5102732307692307,-0.1283056919685443,-0.0054193982523305,4.33889248498634,750.0,2.070462735742524,0.0004371992947679,3.0574944869884223e-06,5.246701517231173e-08,2
0.123797150820884,0.0151546795607923,0.3936572307692307,0.1343399235361464,0.1204694983202868,4.019979991880285,750.0,2.268124937587121,0.0003061056722685,2.854928037448955e-06,5.5325051807805376e-08,2
0.1447811543845838,0.0207647818967811,0.466464,0.0313985124502851,-0.0485983091342202,4.081971970445354,750.0,2.143707558311154,0.0004398328004193,3.328609342758517e-06,4.829339669197796e-08,2
0.1136508014749222,0.0127760332690203,0.3788455384615384,0.0006573817357979,0.0141266719857366,4.165225785713033,750.0,2.375488283580479,0.00027523664354,3.0103307283971554e-06,5.0641469100459183e-08,2
0.1251322555821553,0.0155502747916745,0.4468541538461538,-0.2281760453814763,-0.0236482931155984,4.40356231518212,750.0,2.2602638122860075,0.0003205475152598,3.329527335998961e-06,4.5109820288097214e-08,2
0.1467270318766735,0.0213066325277779,0.4852393846153846,-0.089019646875518,0.061612583401583,4.149215207830624,750.0,2.220438458758668,0.000439009332214,2.7690752749710083e-06,4.863839081825203e-08,2
0.1272858540298052,0.0160385285292848,0.4211944615384615,-0.0799943214112679,-0.0409947892388286,4.117978468272025,750.0,2.2081905483461504,0.0003104720487061,3.165994612520852e-06,4.768753688312545e-08,2
0.1307467475526851,0.0168857629465532,0.4355889230769231,-0.1178730248900468,0.1508839615009242,4.157716206790318,750.0,2.1674425591558872,0.0003500690937841,3.097143306086808e-06,5.1487926771854135e-08,2
0.1115120382030488,0.0122919579312175,0.3667458461538461,-0.0632540825622669,0.0744579713646713,4.119384899023454,750.0,2.337158579074047,0.0002715561410068,2.791117706712828e-06,4.968412228476562e-08,2
0.1473720740603274,0.0214683063030963,0.4996338461538461,-0.250262719238735,0.0272187306312879,4.204603060110057,750.0,2.1434390066363025,0.000451561199866,3.22770232221976e-06,5.2873293617467865e-08,2
0.1277356701426235,0.0161507125941213,0.4145187692307692,-0.1607258828397335,0.0857454048324261,4.062047667232659,750.0,2.237947913653832,0.0003298072119715,2.473519469992055e-06,4.4265994099897225e-08,2
0.158113386069548,0.0247912440982815,0.5188264615384615,-0.2471072833792305,-0.0368376659885379,4.061443928045751,750.0,2.0608017494884225,0.0005133926248937,2.8079198866136544e-06,4.9127037770393614e-08,2
0.1245810447634184,0.0153136846248734,0.3846867692307692,-0.0834365606604037,-0.0477959183545346,3.883673830747312,750.0,2.263408469139952,0.0003274913675252,3.397076614424777e-06,4.920038456109321e-08,2
0.1285619964537117,0.0163897532247503,0.375924923076923,0.0408753671665853,-0.1080222032785835,3.709234689511796,750.0,2.2407119224111023,0.0003502373878576,3.320031578154769e-06,5.1676329127316564e-08,2
0.124637949308181,0.0153357918585461,0.3892763076923076,-0.1474130286506225,0.1148002356534268,3.9217325870038975,750.0,2.293894537740443,0.0003093381184342,2.5702116581948685e-06,4.716268201460652e-08,2
0.1277332701186339,0.0161381511653407,0.3997070769230769,-0.1599728977580072,0.1041455681218191,3.9133741120983423,750.0,2.2016086746353536,0.0003471740095124,3.4345376679931727e-06,4.709438713118944e-08,2
0.1249339815838222,0.0154652793166487,0.3955347692307692,-0.1853168206163853,0.0201748704103654,3.9275062603623287,750.0,2.201010463920828,0.0003295308497065,2.777893114368001e-06,4.9077467998021067e-08,2
0.1264225935515349,0.0158347719928919,0.39324,-0.1487010460884064,-0.0096225300166765,3.858781757206013,750.0,2.315157720789193,0.0003149046385576,3.2695849700413995e-06,4.907984243524467e-08,2
0.1415525656317387,0.0198670503169911,0.4391353846153846,-0.2256326659806844,0.0608975361902376,3.887584478978821,750.0,2.1263996969379253,0.0004308045062215,2.8943700477358498e-06,4.712455150392012e-08,2
0.1237639160045236,0.0151061271972017,0.3869815384615384,-0.1909746377874612,-0.0142870302545402,3.8744203418142646,750.0,2.239935322456133,0.0003270879342244,3.145573463181938e-06,4.812242091716032e-08,2
0.1176815770085414,0.0136729634867292,0.3527686153846153,-0.1018791434351125,0.0421216438105699,3.7767142205392297,750.0,2.284956515553303,0.0002973303499637,3.103483592184004e-06,4.97125951161915e-08,2
0.1332922340771874,0.0176479752203636,0.3936572307692307,-0.0917296404293717,0.1035850714946105,3.734142051554404,750.0,2.221538732738469,0.0003702895383945,3.231766599218941e-06,4.93828323305531e-08,2
0.1200969605560137,0.014303507555751,0.3736301538461538,-0.2401123326780347,-0.0558022733103112,3.864887503785132,750.0,2.2395738968251724,0.0002799764741229,3.285910836350729e-06,5.6607182921539385e-08,2
0.1433038897167893,0.0203831255750063,0.4579107692307692,-0.3316057506415015,0.0373924290119874,3.929589156274946,750.0,2.171586572562246,0.0004303719253035,3.086238803593992e-06,5.1047155788126e-08,2
0.1342741858019646,0.0179018170890032,0.4280787692307692,-0.3331003479623544,0.0973942057882284,3.940858102817504,750.0,2.197160985874372,0.0003936683863382,3.0576525179487595e-06,4.4058103209231246e-08,2
0.1346814061760922,0.0179630343287688,0.4017932307692308,-0.2025649149595345,0.0178306044841468,3.727105220290021,750.0,2.180614427684666,0.00034611282838,3.004744982539558e-06,4.928273971909489e-08,2
0.1372360307066995,0.0186716228310499,0.4115981538461538,-0.2904480830272877,-0.02815753941745,3.727380065751924,750.0,2.2228073132455304,0.0003826594807848,2.731720001937577e-06,5.277430835203573e-08,2
0.1314300056279641,0.0170207221899224,0.400332923076923,-0.3153699110062464,-0.1067636905582518,3.762683502789624,750.0,2.190280008629314,0.0003552416306208,2.679111354740516e-06,4.673831788392791e-08,2
0.1292887149231053,0.016597195516845,0.3707095384615384,-0.1923783766124067,-0.1473053607886401,3.5661922744686785,750.0,2.2340808902726845,0.0003529945029466,3.138330785864534e-06,4.7125487106672914e-08,2
0.1433887964888753,0.0203849212795168,0.4161876923076922,-0.2449567568047284,-0.1254520639611566,3.587001444946168,750.0,2.0682942749474176,0.0004156002950841,2.627643225432788e-06,4.81438974206008e-08,2
0.1303139628214051,0.0168785650385247,0.3951175384615384,-0.3593068559942494,-0.0674013712181391,3.719337191983738,750.0,2.2196268745360874,0.0003769535517266,2.830209470855072e-06,5.1263625987818126e-08,2
0.1512982636605267,0.0227550390718193,0.4433076923076922,-0.4028364984993491,0.0413616796205908,3.607363968184524,750.0,2.175906059617957,0.0004893195172729,3.0145861294946777e-06,5.1611584072761353e-08,2
0.1298857031790632,0.0166536020358133,0.3798886153846154,-0.3932051643233127,-0.0297026911783472,3.5949389554522284,750.0,2.16455513975585,0.0003720128256956,3.579172201232277e-06,4.3142038137545136e-08,2
0.1368279139315222,0.0186021524685928,0.4036707692307692,-0.4639842965402256,-0.0471151496570712,3.6339291121620776,750.0,2.1387569147231345,0.0003750789942677,3.0257506800080656e-06,5.163327209287766e-08,2
0.1325399280125562,0.0173876961229722,0.3746732307692308,-0.3895283480096196,-0.0519437563088148,3.474497849961511,750.0,2.0834904666087373,0.0003861527916295,3.0289661865758296e-06,4.9321829553950864e-08,2
0.1314149524309822,0.0170587617058208,0.3665372307692307,-0.367028173312522,-0.0114256477580745,3.445015257752804,750.0,2.3114283655197787,0.0003624830684121,2.9956839674805166e-06,4.989103275595806e-08,2
0.1298004779565039,0.0167451594797535,0.3844781538461538,-0.5444971198591269,0.0311112385358031,3.585905955129143,750.0,2.129142028850589,0.0003477169595038,2.687612631943507e-06,4.687739259233214e-08,2
0.1297978458961905,0.0167159321479183,0.3617390769230769,-0.5168794771642427,0.0157168715475023,3.408690456543844,750.0,2.27957411729852,0.0003465831966424,3.1951019594310057e-06,4.711971913850285e-08,2
0.1178113569097167,0.0136817020221858,0.3312812307692308,-0.5482176253243072,-0.0365069022154986,3.4275280111754123,750.0,2.241518287322076,0.0003037008136624,2.890616192786869e-06,4.484698096918072e-08,2
0.1419428135363649,0.0198656743724986,0.400332923076923,-0.5819344066523908,-0.0411248751097954,3.4174200555190146,750.0,2.1589369622501065,0.0004169326318127,2.805931481425947e-06,4.702979216021115e-08,2
0.3858149086575325,0.1486512162749321,2.055784,4.032404662477428,0.1908989112817314,7.8568628571266865,796.875,2.2194144613587903,0.0032035743391124,2.4178902240537444e-05,1.7442550395542389e-06,2
0.3414456829753961,0.116440528619095,1.6359466666666669,3.5487307353837148,0.1379465363832055,6.952834305163605,796.875,2.25643413585085,0.0025937675353645,2.1813275387195865e-05,4.702201467145338e-07,2
0.6123805649346836,0.3747395540856727,3.074077333333333,6.065524383887984,-0.3950608787393984,8.537215756243276,703.125,2.1517290432710574,0.0082821828579768,3.3766624123858364e-05,4.611297311828908e-07,2
0.8037686662885196,0.6458398881394498,4.196704,5.295749693990322,-0.0293913427599798,8.17248859284537,703.125,2.010868668997781,0.0146096311722417,5.529610905476333e-05,2.197695909945487e-07,2
0.8294700394270809,0.6878338414467466,4.221744,6.966618604530419,-0.2234647048434291,9.315360883508708,703.125,2.048680300545909,0.0131896773000454,2.9750472605128102e-05,4.821084664826532e-07,2
0.3050501863476444,0.0929530217390621,1.6968773333333331,4.94619628979302,0.1180215450260431,8.271303212203128,703.125,2.372198858780108,0.0021154270081874,2.120431566761164e-05,1.6317642645002595e-06,2
0.2474212833614129,0.0610346203482405,1.3693513846153846,5.262630251907227,-0.024300404193401,8.509964109682262,703.125,1.8574567821308663,0.0011107228034515,5.075331217806944e-06,5.76287265387439e-08,2
0.3441057834575748,0.1183056749636082,1.8337626666666669,4.271719348414269,-0.2641027562858259,7.860547172704511,703.125,2.38920716213412,0.0023106302176629,1.8079884933122112e-05,2.097912510145142e-07,2
0.3103343268062832,0.0961389953461009,1.8821733333333333,7.252386710603476,0.0036791385819158,9.428962375215631,703.125,2.3174579144513427,0.0021732032310136,1.966462401607451e-05,3.416999173027104e-07,2
0.2749195917151781,0.0754588513714289,1.66516,7.085413405269833,-0.1953736746052382,9.604738626509825,703.125,2.405910816314819,0.0016794038618295,1.7409351718860073e-05,2.2019783437758802e-07,2
0.2605372344571711,0.0677324531719112,1.3693513846153846,4.143053465548947,-0.0282375369466883,7.865152362967228,703.125,1.8468458399794003,0.0014525848279317,6.056257061862831e-06,5.8172506737297806e-08,2
0.1957209933094446,0.0381203027884209,1.028473846153846,4.905308596738172,-0.0173498458556492,7.3729364615145405,703.125,1.732958349961847,0.0008227486987448,3.0821517405391303e-06,4.535717714322607e-08,2
0.7001256608515721,0.4899672161067547,3.847813333333333,8.572637633917983,-0.0712902463501232,9.9401458561856,703.125,2.062026789377332,0.0115180782072135,3.410398937455141e-05,2.779365012998889e-07,2
0.6970761119785873,0.4856436974702733,3.9646666666666666,8.678938165393882,-0.3034276023843573,10.100831545328116,703.125,2.0447393247368093,0.0111035480329174,4.740358469270471e-05,2.1799909620296865e-07,2
0.2043679994237117,0.0415862828519391,1.028473846153846,3.809099956990379,-0.0501739622120098,6.800489617980627,703.125,1.835418579287152,0.0008730879303927,3.3097981951486424e-06,5.02449537410948e-08,2
0.691290113033223,0.4776733543775661,3.805245333333333,8.935693897247171,-0.2425498235194528,9.980941856892944,703.125,2.043093813835195,0.0105608798555892,3.861926009892596e-05,2.11595624226806e-07,2
0.7390583778296433,0.5460257350237766,4.107394666666666,8.593315650600221,-0.3323670723048748,10.40740435168434,703.125,2.1901588435885047,0.0103292987572433,6.927022130543212e-05,4.048429060169851e-07,2
0.7646847390193765,0.5845455779565187,4.096544,8.72426718544767,-0.3186153130884422,10.325710714694416,703.125,1.9666129000080148,0.0105477730180491,3.5681523620585645e-05,2.72931032285406e-07,2
0.7718481122537632,0.5956382683292456,4.284344,8.571331751355718,-0.270269138579116,10.679897937093418,703.125,1.987023185557916,0.0121908125073374,5.050733058220009e-05,2.243317655652894e-07,2
0.3289391493891132,0.1079511443258069,1.9873413333333327,9.097667229004646,-0.3218844605836043,9.741898401283311,703.125,2.379381905593129,0.0023147551992772,8.960527469361067e-06,5.240814031756364e-07,2
0.5307109647119279,0.2812673757924753,3.074077333333333,9.313758423836434,-0.3489273540365276,9.857786290608562,703.125,2.19501148527138,0.0059740520898811,2.1916102275679443e-05,3.9286119167348105e-07,2
0.6337796493360675,0.4013979493204953,3.755165333333333,8.943940126066789,-0.0743410726781564,10.54710593087041,703.125,2.179092134520211,0.0065732907922167,2.727585649149804e-05,3.10121481973052e-07,2
0.3190431352738715,0.1015754055069285,1.847952,9.238181189841193,-0.2808118435653111,9.513748927960028,703.125,2.270289063653105,0.0022980918297135,1.3895237611007394e-05,2.868348799736532e-07,2
0.5107528644825756,0.2606720825493867,2.9505466666666664,9.216859688471466,-0.5900168812628629,10.167932448392053,703.125,2.2838061160202434,0.0042334834541326,2.170901491306774e-05,2.442470203438584e-07,2
0.5240931140867389,0.2745314552617613,3.07992,9.207713682120016,-0.1762453294540411,10.437419626650614,703.125,2.201026359703976,0.006141450391867,2.5928967576896883e-05,4.1900439270127947e-07,2
0.3512499728277816,0.1231311742347391,2.231064,9.377177221240707,-0.15079740286337,10.178180319422854,703.125,2.3835664468876923,0.0026719618884711,9.48402417995552e-06,1.597351905737072e-07,2
0.7395781229314536,0.5466543497572489,4.265981333333333,9.229736450405,-0.0931821853210099,10.53863212638342,703.125,2.110185226086137,0.0110818926885018,1.9762475647517848e-05,4.0587101738678013e-07,2
0.724826223827743,0.5252358115403705,4.402866666666666,8.404251375388185,-0.4065680309245741,11.36414529717475,703.125,2.183686690465051,0.0102523510552308,4.242196088402063e-05,4.001651592711201e-07,2
0.7037910516258955,0.4948971935921261,4.133269333333333,9.01154758167842,-0.0859544610955351,10.912500182643852,703.125,2.211758816978948,0.0108479432917416,8.304024123338851e-05,4.326917181678135e-07,2
0.6914456533865246,0.477822112971805,4.203381333333333,8.790621823501096,-0.3225433152297723,11.229786313168004,703.125,2.166529110584407,0.0098383052469174,4.9418166521374e-05,2.211735889529849e-07,2
0.1680160002546865,0.0280295920474698,0.8096363076923077,2.7048780289908025,-0.0985855481938536,6.569484043927151,703.125,2.043750900953472,0.0006222103387916,3.3275460982154035e-06,5.38551688761151e-08,2
0.7165326106610838,0.5132187191417352,4.283509333333333,9.255268421698789,-0.4804264599677494,11.12335494123555,703.125,2.0725844180284616,0.0102074793340714,3.073256610021187e-05,4.450647232542644e-07,2
0.7949928627723036,0.6316983392376665,4.650762666666667,9.41984521421022,-0.3084453654306972,10.964077512170656,703.125,2.0143060792989527,0.0140664905472398,3.345098064226484e-05,4.411326438604189e-07,2
0.1706404653885547,0.0286564257094442,0.6477507692307691,0.8741249293380404,0.0081385654359734,5.0285544093808765,703.125,2.138922248402907,0.0005630117410564,3.656746742367239e-06,3.9064160848994645e-08,3
0.1604890691351848,0.0256917857570977,0.6168756923076922,0.8765236586863194,-0.0308959685029214,5.00413201326646,703.125,2.1532319543218748,0.0005839890090159,4.346382582584302e-06,9.535321612491738e-08,3
0.1569615362641155,0.0241421545041749,0.5918418461538462,1.0419598628162108,-0.1347150739410972,4.964256309074609,703.125,2.190271752377236,0.0005151414328309,3.457535286306191e-06,3.857591509161776e-08,3
0.1367107715883283,0.0185189159397504,0.5000510769230769,1.070550790454439,-0.0073171363696343,4.850342132324827,703.125,2.226817119125436,0.000398265392605,4.451685436438145e-06,1.1052335276677236e-07,3
0.1262756103513155,0.0158617113320932,0.4900375384615384,1.1644707233433804,-0.0117953047998314,5.059081581872219,703.125,2.31234703414539,0.0003396019586828,3.3722864720292336e-06,7.144829592389236e-08,3
0.127300343835735,0.0160017334406505,0.4960873846153846,0.8273611778167491,0.0900259060134303,5.098612317406656,703.125,2.322541421933586,0.0003468066328477,2.831175122567284e-06,7.895433942344174e-08,3
0.1498732568946146,0.0219942026407018,0.5851661538461538,0.701152292757182,0.1280784257944316,5.0117817046605255,703.125,2.1556255221116416,0.0004688586459539,3.783996010058852e-06,3.888909390969363e-08,3
0.1202552684121849,0.0142864781726311,0.4514436923076923,1.1589805650593163,0.0292536591781543,4.9967377183061625,703.125,2.36135237654543,0.0002647279901546,2.7537351178233603e-06,4.963836327928176e-08,3
0.1692470087158706,0.0284856553591182,0.671532923076923,0.8519686957257364,0.2212302791985387,5.201176082596084,703.125,2.2459537193575585,0.0006064808472433,5.566272807068442e-06,1.3210732508113005e-07,3
0.1081075857450525,0.0114573484342355,0.4287046153846154,0.989763486276244,0.0526895352757177,5.198610978231267,703.125,2.3645841951015334,0.0002460512980702,4.9699525592058335e-06,9.209380276664944e-08,3
0.1860271017132178,0.0344143643488103,0.6878049230769231,1.116673820747252,-0.0487256589210047,4.904674459106323,703.125,1.7626917319464812,0.0007316634242515,3.756096697286672e-06,1.757427159964415e-07,3
0.1302620460255041,0.0168683759484708,0.4698018461538461,0.9543456930985874,0.0846227589836484,4.691270105015236,703.125,2.312842084432299,0.0003452767447176,3.9503508527072695e-06,6.451777119757218e-08,3
0.1160010235459028,0.0132753133654563,0.4597883076923076,0.8061805919729759,-0.1444007735975791,5.151154092475796,703.125,2.3423062541815125,0.000293287899859,3.2404617141274606e-06,4.934712432193253e-08,3
0.1189079447333449,0.0140294253721644,0.4320424615384615,0.8220119398531138,-0.1003916146290716,4.797136617670522,703.125,2.346755964845516,0.0003074959261087,3.147438446859223e-06,6.650158903757852e-08,3
0.1539300204608997,0.0233064737674314,0.5928849230769231,0.5805200927301772,0.0240456241033099,4.946493733951441,703.125,2.122700531755401,0.0005019670040269,3.934061841644087e-06,3.94232404713144e-08,3
0.1575203958007133,0.0246290721209174,0.5812024615384616,0.6986850653674543,-0.0572744901962051,4.765972979935542,703.125,2.315720990175996,0.0005049483641473,4.355435583197583e-06,1.0398051208727925e-07,3
0.1488295635263032,0.0218149764202822,0.6293926153846153,0.8290183039168473,0.0139562860591676,5.409986112491285,703.125,2.097082463696894,0.0004799163175964,3.796221740882989e-06,3.5277665790293045e-08,3
0.1610815793583598,0.025701432841637,0.6469163076923078,0.673758037919939,0.0213339208959312,5.126198641339483,703.125,1.8419892863540743,0.0005264553388526,3.628682034316941e-06,1.1675763555164529e-07,3
0.1412194211048887,0.019464757986065,0.5503273846153846,0.6233870195481113,0.1665798216200833,5.16106007645464,703.125,2.188712702596729,0.0004270324069877,3.7395955930838255e-06,3.3398424574786654e-08,3
0.1019238730458747,0.0102553782006702,0.3892763076923076,0.7417958542900474,-0.0835378776058094,4.948832339873465,703.125,2.3977438735962155,0.0002241806880945,3.098937364617751e-06,5.519676396400467e-08,3
0.1206180606140542,0.0143723749454148,0.4395526153846154,1.3890151731602405,0.0474153677934178,4.903323495142147,703.125,2.3018857203923027,0.0002810141555394,3.3024286799050355e-06,5.5552923031799344e-08,3
0.1367811411507205,0.0183774822526412,0.5108990769230769,0.6232152399706612,0.1026196227249333,4.762509858649446,703.125,2.193792822994194,0.0003904055967232,3.699892390917784e-06,3.4768764256993326e-08,3
0.1504986796142491,0.0223738527895875,0.6337735384615385,0.8647236194874659,-0.005951783537458,5.453597061017179,703.125,2.121676186583605,0.0004670691032445,3.4351225725306857e-06,3.899050358140461e-08,3
0.102078112678331,0.0103176114983854,0.4172307692307692,0.8249627645389483,-0.1388206651287234,5.275413020209042,703.125,2.368012482096045,0.0002214761683286,3.32747358001405e-06,6.180737318394912e-08,3
0.1780664067684891,0.0315077082791797,0.6732018461538462,0.6953722898627364,-0.1023320097257545,4.886331674194664,703.125,1.7765636256040258,0.0006659464606368,3.593965215503449e-06,1.2785530271288896e-07,3
0.1273060733955382,0.0156975608671371,0.4900375384615384,0.5753641848094317,0.143217609281383,4.895263345829047,703.125,2.244965734879333,0.0003195334296939,4.189917691439648e-06,4.0196306192126034e-08,3
0.1671926471991994,0.0277539251190478,0.6070707692307692,0.8319608685943698,-0.0388900641150918,4.666016997375631,703.125,1.7860684901801411,0.0006209086619004,4.029298034722944e-06,1.441883319393996e-07,3
0.1711267361757322,0.0291244054422947,0.6041501538461539,0.7039487757325156,-0.0520017286412459,4.6198339841019465,703.125,1.972481394079841,0.0006398715414518,3.228996651655704e-06,1.1889706980664869e-07,3
0.1659328192878652,0.0273711305920049,0.6802947692307691,0.60041997519241,-0.0890217701347945,5.217522152241611,703.125,1.9279542670156755,0.0005796873448815,2.9746049397175103e-06,1.2746946485109786e-07,3
0.1277413963962543,0.0161469931631643,0.5252935384615384,0.9447025314986192,0.059270951050553,5.426797817484849,703.125,2.386319256275346,0.0003537006846248,3.476668235751949e-06,1.0699395160492801e-07,3
0.1367217345719414,0.0183556724963123,0.5553341538461538,0.5427828768899463,0.0699961226266804,5.219912207222888,703.125,2.133860631621716,0.0003607513774811,3.400978838626993e-06,3.389561969379175e-08,3
0.1057924006021678,0.0111334438703174,0.4303735384615384,0.6919030817182099,-0.1444577162784082,5.224004677657531,703.125,2.358820509274429,0.0002400569137948,3.004954658508432e-06,5.174204335693696e-08,3
0.1087355486398995,0.0117286008307332,0.454572923076923,0.7349482934518146,0.0634813702724983,5.375139687310799,703.125,2.2905319694361483,0.0002450077112681,3.066942030237092e-06,6.17557890316416e-08,3
0.173012800992068,0.0298534345796204,0.7007390769230769,0.7390765855571213,0.0076304236241515,5.323609034257143,703.125,1.8108403265428024,0.0006366719345716,3.930398624898708e-06,1.1045171653860065e-07,3
0.2542961793742723,0.064351663994817,0.9819526153846152,0.80605484359823,-0.0127452515651345,5.053319961119614,703.125,1.8207853444958704,0.001419259314878,4.650969354889545e-06,1.598635645065639e-07,3
0.1733153490862414,0.0298374630021919,0.7005304615384614,1.169938838477503,-0.0273392318487581,5.293064539010066,703.125,1.7070998918995854,0.000627254210886,3.732050466859819e-06,1.0285198230221737e-07,3
0.1742090327133197,0.0301989480728574,0.733908923076923,0.8678011690629841,-0.0416470727444723,5.504702931107246,703.125,1.9929031172027367,0.0005329497013289,3.7602419346510654e-06,1.3547481806450793e-07,3
0.1668261617628754,0.0276717010651435,0.6300184615384615,0.5800243900439455,-0.0076141586217614,4.880696007475166,703.125,1.774385324388825,0.0006025036642268,3.693867739604728e-06,9.343979724336528e-08,3
0.1633659117985177,0.0261369850335772,0.6141636923076923,0.4640735372938511,-0.0545155646452742,4.813959944084859,703.125,2.188463035586802,0.0005371333582842,4.576618927287591e-06,4.170974624362039e-08,3
0.1458816349418669,0.020929096978951,0.5361415384615384,0.5075144188794107,0.0477840493776748,4.715764915106093,703.125,2.175688407228981,0.0004163716472505,4.146327647200895e-06,3.951171792670042e-08,3
0.1873522900577121,0.0350229424008106,0.7165938461538461,0.5912989518212308,0.0689495863549782,4.902717217226429,703.125,1.7323919390994345,0.0006819918835245,3.7964406008092456e-06,1.1794804681392349e-07,3
0.1440942892895784,0.0206632071700029,0.4940012307692307,0.8286186458907436,-0.0279457386297872,4.4857773046714025,703.125,2.301048785969194,0.0004497456530534,4.619893201795074e-06,6.643527185880308e-08,3
0.1816448935433404,0.0328138528116653,0.6631883076923076,0.6455266747706019,-0.0623610375078129,4.672661058509007,703.125,1.795594417722916,0.0006514563664479,2.839090567031899e-06,1.2797173018736965e-07,3
0.13348891771651,0.0176542337075637,0.5499101538461538,1.2974898050510086,0.1839145956615757,5.44390239200351,703.125,2.307396389960085,0.0003847680469344,3.61519430037504e-06,7.892407217786426e-08,3
0.1474914198277621,0.0216397668646682,0.588504,1.5023566318469346,-0.1739775146160898,5.24996454647872,703.125,2.1958016816762185,0.0004875971153444,3.2631851175729107e-06,1.005787993653364e-07,3
0.0993716761645147,0.0097361572556608,0.417648,0.8636191212380484,0.0099342145819506,5.389940594856341,703.125,2.494926469081306,0.0002064324719385,3.2951552644567745e-06,5.85915642385786e-08,3
0.1607953907167768,0.0253252318942688,0.6179187692307693,0.4135779104184216,0.0044471510708051,4.886186025974962,703.125,2.137182505322459,0.0005548190935545,3.831109759476079e-06,3.34655818500114e-08,3
0.0961042699611737,0.0091125467281727,0.3696664615384615,0.6050484046877695,-0.1810399020577361,4.912646544915208,703.125,2.4285580345397504,0.0001890130427581,3.623395904195922e-06,7.098624308477944e-08,3
0.1432029599077336,0.0204381013198546,0.6003950769230769,1.1479186228195006,0.1612086914855891,5.521482068688113,703.125,2.359892031271337,0.0004506697834413,4.252872459611596e-06,7.535940301465765e-08,3
0.1379277967741698,0.0186801763023711,0.4965046153846154,0.4941278574093819,0.0461852093325529,4.667300760679005,703.125,2.120780589915864,0.0003939351171213,3.6773175222739e-06,3.7271746574440834e-08,3
0.139218412186411,0.0191935215675898,0.547824,1.4878086578411187,-0.1791621314690734,5.313126387080843,703.125,2.242777625245453,0.0004143513847096,3.860410840516287e-06,8.167482320438635e-08,3
0.1127549916902035,0.0126502960420256,0.4727224615384615,1.241004981489671,-0.0104134520740187,5.479355410955363,703.125,2.406887397408925,0.0002694931124678,3.2133918891626275e-06,5.917280998281255e-08,3
0.0941847784752315,0.0087834432524048,0.3358707692307692,0.6430043177061138,0.0344008943731249,4.669937670819432,703.125,2.402482060307708,0.0001894981269875,3.1042112339327216e-06,6.172321807142171e-08,3
0.1611299910416077,0.0255930498058735,0.6389889230769231,0.3762873087578162,0.0913689294812109,5.041662886616017,703.125,2.079556053861808,0.0005629332284061,4.426174739585736e-06,3.652259770423175e-08,3
0.1138089624883983,0.0127909189006669,0.4053396923076923,0.7185155959640435,-0.2290794302131273,4.6063861743319405,703.125,2.3727161852952574,0.0002521359350304,3.1096351658972305e-06,6.280606770858363e-08,3
0.1139318840032554,0.0129031230184874,0.4309993846153846,0.5242403266281457,0.0117618474510897,4.839928948010735,703.125,2.462541837067708,0.0002579838970809,4.412283238062511e-06,6.426143915163226e-08,3
0.0997249919634121,0.0098785559162401,0.4195255384615384,1.0746576667163117,-0.1920043907454788,5.454071376636125,703.125,2.4707882542543493,0.0002119761135245,4.689733689436394e-06,8.03387228393344e-08,3
0.1492850541950216,0.0217302244383731,0.5970572307692308,0.374746373244065,-0.0210360836727999,5.137361940081891,703.125,2.0677255045768765,0.0004682910337978,3.5541090515573764e-06,3.4297277669545404e-08,3
0.1021760148015461,0.010353928790132,0.4188996923076923,1.354524433880698,-0.1375421397605301,5.326252371290125,703.125,2.481844731416409,0.0001963640450766,3.0221927411741384e-06,6.741686495922092e-08,3
0.1154664075041025,0.0132127656996442,0.4906633846153846,1.0090440865555514,0.0797273992062956,5.559923650879804,703.125,2.4327225409251625,0.0002870850240883,3.4687963195783334e-06,6.031718951720755e-08,3
0.1488828721387397,0.0217150732580035,0.584748923076923,0.3456377587760739,-0.0340780500482166,4.945981481420379,703.125,2.107513900277057,0.0004465272567382,3.797193204032494e-06,3.855477028077564e-08,3
0.152376197550964,0.0227454923692211,0.6477507692307691,1.0115458853846748,0.0757335675095026,5.663580122818642,703.125,2.104220357883749,0.0004739656626601,3.914973042708292e-06,3.462938057921095e-08,3
0.1342772112966328,0.0176001409289515,0.4942098461538461,0.4152254692661468,0.1045119511160424,4.740832933928536,703.125,2.1980908070655336,0.0003879057300174,3.9985969756265866e-06,3.675758879617778e-08,3
0.1414899047108951,0.0194578599799767,0.6179187692307693,1.1686124982545936,-0.1886102885176537,5.616376688761341,703.125,2.1797242687081924,0.0004466809457242,3.843172685104955e-06,3.895091812346028e-08,3
0.1446957063234629,0.0207583566803189,0.5509532307692308,0.3765789162735924,-0.1369013415915157,4.851560902503537,703.125,2.193507980367553,0.000425162819473,4.071007566385945e-06,3.929101430926014e-08,3
0.1902691471361917,0.0361209113506429,0.7303624615384615,0.4505115441030756,0.0219105851843409,4.855919999951938,703.125,1.7845772667360218,0.0007945264225597,3.297996318730281e-06,1.06751445774893e-07,3
0.1007606674632635,0.0100238206662696,0.4182738461538461,0.5378199113724453,-0.1697155340187386,5.296214034103368,703.125,2.3802020354195914,0.0001992501124095,2.806392618772758e-06,5.879274467309674e-08,3
0.1241614808071054,0.0153454152535597,0.5330123076923077,0.94346000630543,0.1683451443356015,5.575647725028613,703.125,2.4160976427304948,0.0003250951721718,3.280860962620752e-06,5.7548972921215066e-08,3
0.28077379677399,0.0787687327470851,1.1398744615384615,0.9734540356932256,0.0683685955337472,5.303227534872431,703.125,1.8586538343885668,0.0017098613580856,5.339832830992062e-06,1.6132685219789937e-07,3
0.0948816916769541,0.0088339573627167,0.3907366153846154,0.5588861633946416,-0.3114386117494163,5.171388790529377,703.125,2.371022398619413,0.0001779924291122,3.427418406169728e-06,5.969035648157805e-08,3
0.1016027444533295,0.0101947391933465,0.3828092307692307,0.4464075512336842,0.0128222120033673,4.789595569144565,703.125,2.342113639632557,0.0002049720749239,2.9353926458667385e-06,5.1270746901978864e-08,3
0.1399222043626435,0.0190868331971861,0.5789076923076923,0.4061017836152998,-0.0815925035990947,5.277609884646323,703.125,2.2415514639937104,0.0003946323653554,4.5126618605558215e-06,3.562067216348269e-08,3
0.1556739030223597,0.0238452059848012,0.6293926153846153,0.3314818918047231,0.0075507420730489,5.1078563628200495,703.125,2.1066749882936,0.0005038293144932,3.936121700027498e-06,4.1151700483135656e-08,3
0.1990532995151211,0.0395353108400355,0.6934375384615384,0.5412292189576182,0.0287356082372883,4.542098279451693,703.125,1.924416004619525,0.0007829564988246,5.601212084356288e-06,2.0805746362479562e-07,3
0.1315348676418703,0.017204696722044,0.5578375384615384,1.2311018451352629,0.1801843760599107,5.565024554933779,703.125,2.389738122035298,0.0003880698373451,3.746899999255154e-06,6.714917433304614e-08,3
0.1113685573150154,0.0122366209962707,0.4725138461538462,1.32608633196625,-0.1521792575356107,5.568396691344539,703.125,2.270866690401626,0.0002554559467093,3.2007447655002545e-06,6.058891767961738e-08,3
0.1224229462135802,0.0148384401436131,0.5211212307692308,1.2831636562183455,-0.0981466356944025,5.569554833531535,703.125,2.399921902525219,0.0003144699242281,3.576423112410663e-06,5.950620545600076e-08,3
0.1113469015687429,0.0122802986327704,0.4364233846153845,0.4224120222251715,0.0480737087692533,4.969616263275206,703.125,2.4731584272710805,0.0002539372249424,3.491093695707188e-06,5.311636206875269e-08,3
0.1018914671805199,0.0102607280684068,0.3590270769230769,0.6426841896700477,-0.125676598933595,4.518495918689201,703.125,2.3880079529960208,0.0002201948385706,3.0633631924151136e-06,5.508795020300423e-08,3
0.150102047993712,0.0221750622850565,0.5361415384615384,0.397015303088386,0.1229765207782856,4.626271123188504,703.125,2.0967333185936434,0.0004788099960031,4.15330218814657e-06,3.7572744359841744e-08,3
0.1391556256978755,0.0190077684519142,0.5789076923076923,0.3251334738085818,0.0389076211108023,5.243577913005826,703.125,2.2103671403766723,0.0004008185818466,4.186859511568987e-06,3.4953164748266134e-08,3
0.1322631972145891,0.0171897562934442,0.4823187692307692,0.4173077505347313,-0.0317593222711599,4.625896897038485,703.125,2.320345055330008,0.000375949786505,3.772186554245673e-06,3.5582574963636944e-08,3
0.1703254603682769,0.0288992309337536,0.6108258461538462,0.472673585172612,-0.0392882986581827,4.561201772456402,703.125,1.832708615806763,0.0006224672307636,4.065165292980073e-06,1.1528144222202577e-07,3
0.0954329520836175,0.0089512260089361,0.3711267692307692,0.4435506986317992,0.1863343479436401,5.002178190390078,703.125,2.521273675797589,0.0001955773241513,3.2441061621304936e-06,6.893811496066573e-08,3
0.1426374011948998,0.0200129426587237,0.5482412307692307,0.2686846774488214,0.0632129586781807,4.893209166502245,703.125,2.216623421589117,0.0003932945556473,4.012152916376666e-06,3.5735779468734264e-08,3
0.2854793074470753,0.0814003450561816,1.0931446153846154,1.517432819977338,0.1043741965515886,5.200324424000716,703.125,1.9774625616387225,0.001831112186405,7.616962911727476e-06,2.078232046312719e-07,3
0.1405075125508163,0.0194627347741904,0.4965046153846154,0.4140459353352033,0.0689527664557767,4.536573328642152,703.125,2.1245568488715043,0.0003960621561967,3.537153659608845e-06,3.969174529865944e-08,3
0.1448438235233799,0.0205128543766885,0.5789076923076923,0.2754134728088444,-0.160765814874095,5.068782020941672,703.125,2.222393508514031,0.0004245516316724,4.261697929555054e-06,3.6196571462533454e-08,3
0.1018973540548925,0.0102735951431002,0.4101378461538461,0.3729185776789401,0.2138296127142667,5.189721384726633,703.125,2.381130449425424,0.0002219417098087,4.135405701471142e-06,5.6919723131409046e-08,3
0.0992896930112725,0.0097033594856763,0.4168135384615384,1.217282601848078,-0.2557917325043401,5.515802308694964,703.125,2.521845287007112,0.0002153189398524,3.652251721343834e-06,6.047337382777002e-08,3
0.0947673715042421,0.008773833024288,0.4022104615384615,0.5424260108112366,0.0786785356653682,5.442850990991002,703.125,2.4909038236900702,0.0001694233790906,2.877657167299935e-06,6.62788973313897e-08,3
0.1070746935162494,0.0113312805044339,0.4101378461538461,0.3107552791739842,0.1541317350575618,4.880528300932634,703.125,2.3492171953450174,0.0002469216461435,4.177748047637906e-06,6.33367296398808e-08,3
0.1585118738408068,0.0245975505731636,0.6208393846153847,0.2270854140216416,0.060220576273111,4.960617258668105,703.125,2.045659065304123,0.0005050294298622,4.18033475264609e-06,3.395806132063961e-08,3
0.1317330581121951,0.0168659002151951,0.4962959999999999,0.2618105363274154,0.0420510391728508,4.78299818038012,703.125,2.188377558631744,0.000368828474849,4.131218149630193e-06,3.548110177769518e-08,3
0.1376182693570256,0.0185929426023021,0.5298830769230769,0.2512804324511544,0.0198719532383855,4.847671110060085,703.125,2.2894382322966904,0.0003884699766272,3.941029678946468e-06,4.0520841415342826e-08,3
0.1522005813134502,0.0227119404380703,0.5219556923076923,0.459229690406485,-0.0129880631793858,4.435021793526989,703.125,2.18776897653604,0.000500250138531,3.7431808240942615e-06,3.627297353774039e-08,3
0.1380156239302765,0.0186983707402432,0.5108990769230769,0.2910484772642538,0.0388639516377016,4.669225730718185,703.125,2.149111912520385,0.0004216678138818,3.231326155229985e-06,3.578352568837643e-08,3
0.1656049620700654,0.0270902741178353,0.6391975384615384,0.2158647342436186,0.0366028858905833,4.888124773222772,703.125,2.066425580739174,0.000602495782143,3.769574539662794e-06,3.341474649893003e-08,3
0.1373553063559121,0.0184387243213283,0.5100646153846153,0.2820051257289373,0.1442173189314226,4.724976066505318,703.125,2.2521212277602225,0.0004096874051901,3.933271369801292e-06,3.28461711159511e-08,3
0.1370433959212298,0.0185800671959383,0.5038061538461538,0.2788921710467216,0.0922581598544705,4.7135374285042,703.125,2.246887544951797,0.0003586011841571,3.95882056309311e-06,3.774424773083936e-08,3
0.996393,0.0,0.998538,0.035728,0.325929,1.002152,18.428999,4.251974,0.574971,0.286167,0.138861,4
0.996351,1e-06,0.998241,0.005798,0.240063,1.001896,11.611725,4.188624,0.640878,0.25701,0.102112,4
0.99624,1e-06,0.998921,0.063792,0.404701,1.00269,18.311428,4.116708,0.618887,0.282918,0.098194,5
1.356045,0.298562,3.802069,2.036633,7.563952,2.803791,6.594817,4.224984,0.761676,0.149637,0.088686,5
1.348963,0.305556,4.158134,2.127708,10.040094,3.082464,3.648898,4.450315,0.642304,0.249378,0.108318,5
1.398268,0.264244,3.038744,0.812053,3.569515,2.173218,3.234247,4.338625,0.701992,0.218326,0.079681,5
1.077455,0.11508,2.358071,0.939903,4.89756,2.188554,2.663289,4.410665,0.648764,0.222418,0.128818,5
1.043927,0.051762,2.011448,0.677641,5.118965,1.926807,6.627612,4.346361,0.719313,0.189391,0.091295,5
1.061623,0.061037,2.192039,1.152429,6.536076,2.064797,2.463843,4.305253,0.72175,0.197847,0.080403,5
1.187737,0.165282,2.907952,1.971228,8.307297,2.448312,2.821743,4.26054,0.727608,0.20066,0.071732,5
1.081707,0.044906,2.139386,1.109255,7.567606,1.977785,10.351935,4.525145,0.603701,0.26037,0.135929,5
1.08387,0.07069,1.984313,1.039556,4.613976,1.830765,4.653086,4.311976,0.740973,0.192032,0.066995,5
1.234589,0.262732,4.32128,2.921413,15.747693,3.500174,5.127706,4.469539,0.65336,0.228436,0.118203,5
1.175909,0.183573,2.706118,1.076844,5.040735,2.301296,2.267217,4.343916,0.713829,0.190143,0.096027,5
1.22387,0.201547,2.918178,0.803408,5.070917,2.384384,6.362723,4.371092,0.70519,0.214615,0.080195,5
1.141112,0.127969,3.171774,1.116865,9.269784,2.779544,14.911579,4.377315,0.664826,0.230847,0.104327,5
1.132491,0.114683,2.586296,1.062077,6.087973,2.283721,11.273442,4.349431,0.647556,0.269214,0.08323,5
1.096164,0.115408,2.368566,1.250279,5.253659,2.160776,2.37014,4.19156,0.734001,0.177802,0.088197,5
1.041221,0.045296,1.567459,0.099876,3.152002,1.505403,3.465091,4.349902,0.680548,0.228099,0.091353,5
1.05233,0.053552,2.057415,0.950665,5.144251,1.955103,3.102156,4.201593,0.752873,0.186481,0.060645,5
1.130172,0.11255,2.779573,1.807353,9.429445,2.459424,12.132921,4.448721,0.57669,0.316701,0.106608,5
1.140705,0.134963,2.817657,1.352596,6.882433,2.4701,9.870867,4.558651,0.50512,0.367687,0.127193,5
1.143387,0.109301,2.304751,0.565354,3.956147,2.015721,7.556619,4.460396,0.645323,0.241576,0.113101,5
1.034488,0.040166,1.751612,0.392484,3.375744,1.693214,9.559231,4.416278,0.688631,0.189311,0.122057,5
1.014925,0.026957,1.688598,0.622279,5.209898,1.663765,4.376344,4.333528,0.682683,0.240197,0.07712,5
1.059376,0.068954,2.244947,1.525387,7.645545,2.119119,3.137658,4.027801,0.845304,0.106846,0.047851,5
1.01994,0.022913,1.406307,0.055196,4.022632,1.378811,4.401926,4.29006,0.739145,0.17709,0.083765,5
1.062111,0.030002,1.611318,0.367665,3.480652,1.517089,4.576812,4.235628,0.746057,0.192017,0.061926,5
1.059267,0.039321,1.796246,0.499483,4.910299,1.695743,7.109453,4.200415,0.760501,0.164888,0.07461,5
1.043428,0.051589,2.177027,1.415589,10.001922,2.086416,3.818284,4.359393,0.697475,0.217897,0.084628,5
1.031572,0.0329,1.755872,1.116892,6.810713,1.702132,3.774217,4.11904,0.807407,0.140996,0.051596,5
1.071236,0.042103,2.365193,1.763004,12.10479,2.207908,6.58881,4.351743,0.713932,0.202611,0.083457,5
1.064706,0.042187,1.922545,1.064017,7.364907,1.805704,8.622231,4.36742,0.6505,0.247896,0.101604,5
1.224009,0.196503,3.081825,1.75319,6.736575,2.517809,3.88248,4.330917,0.700784,0.202379,0.096837,5
1.046502,0.051676,2.805663,3.809153,29.579426,2.68099,7.659537,4.331372,0.682257,0.217212,0.100532,5
1.105453,0.074369,2.230478,0.998075,5.374547,2.017704,2.873662,4.370391,0.705981,0.195532,0.098487,5
1.15646,0.128933,2.311727,0.655618,3.790671,1.998967,6.878305,4.29936,0.751156,0.181299,0.067544,5
1.080292,0.059773,2.001601,0.703149,4.855138,1.852832,2.364125,4.387115,0.681426,0.220031,0.098543,5
1.092884,0.076811,2.077589,0.312851,4.458651,1.901014,9.387244,4.342493,0.722068,0.190821,0.087111,5
1.120948,0.109288,2.821354,1.691531,8.837666,2.516934,3.909746,4.413263,0.647131,0.252866,0.100003,5
1.125013,0.102542,2.889679,2.038488,9.033247,2.568572,8.480863,4.484121,0.615255,0.243493,0.141252,5
1.197354,0.182496,3.083134,1.814683,7.686056,2.574954,4.014071,4.375308,0.687329,0.23428,0.078391,5
1.092587,0.058211,2.116598,0.743851,5.55338,1.937233,11.768303,4.330943,0.717646,0.216239,0.066115,5
1.050689,0.027217,1.709315,0.259861,6.197922,1.62685,7.508097,4.440929,0.602273,0.304645,0.093081,5
1.073098,0.051077,1.884799,0.743132,4.839591,1.756408,9.302427,4.461437,0.587241,0.301013,0.111745,5
1.087139,0.088682,2.787589,1.829919,10.163369,2.56415,8.835811,4.491688,0.59108,0.301715,0.107205,5
1.071781,0.062865,2.554841,2.147206,11.914973,2.383732,5.130788,4.353447,0.648738,0.281586,0.069676,5
1.110272,0.10096,2.915772,2.286051,12.504548,2.626177,6.843691,4.244164,0.733639,0.217666,0.048696,5
1.116483,0.116071,2.905784,3.053568,14.977709,2.602621,12.450683,4.606414,0.520989,0.295569,0.183442,5
1.072805,0.054492,2.399723,1.851409,12.358708,2.236866,11.688396,4.322042,0.665463,0.279503,0.055034,5
1.16148,0.138584,2.865043,1.858016,8.188781,2.466715,12.608742,4.48686,0.587569,0.281601,0.130831,5
1.104152,0.092761,3.069696,2.09468,13.569878,2.780136,8.671351,4.441289,0.657933,0.2306,0.111467,5
1.138649,0.131748,2.352883,0.739593,3.669611,2.066379,3.466225,4.432198,0.651428,0.250943,0.09763,6
1.032858,0.07947,2.549644,1.292989,8.76894,2.46853,8.280132,4.455091,0.625818,0.259399,0.114783,6
1.092212,0.158956,2.836061,1.119574,5.690949,2.596618,13.668018,4.474743,0.624548,0.260264,0.115188,6
1.041848,0.132523,2.811911,1.039585,6.236674,2.698962,1.250211,4.340819,0.708554,0.180403,0.111043,6
1.011414,0.082629,1.778787,0.192492,4.29353,1.758711,1.182476,4.359053,0.697414,0.195266,0.10732,6
1.03204,0.097454,2.613833,1.265576,7.376657,2.532684,11.69391,4.480256,0.571546,0.337965,0.09049,6
0.993051,0.065822,2.260832,0.065424,7.533009,2.276651,1.167882,4.427186,0.660384,0.230219,0.109397,6
1.054348,0.073201,2.295457,1.589893,8.824093,2.177132,1.329097,4.304177,0.742961,0.160508,0.096531,6
1.020938,0.032957,1.737577,0.890447,5.442179,1.701939,5.315561,4.190804,0.771046,0.176811,0.052143,6
1.013915,0.024941,1.967879,1.065295,8.627768,1.94087,1.59187,4.403232,0.668011,0.218069,0.11392,6
1.045659,0.087425,3.194375,2.811879,24.081762,3.054887,1.88758,4.368942,0.700695,0.208259,0.091046,6
1.025501,0.052627,2.333209,2.226845,13.14663,2.275188,1.139328,4.52213,0.551754,0.323043,0.125203,6
1.03617,0.058792,2.318366,0.922763,7.091992,2.237436,1.935142,4.300847,0.720942,0.206574,0.072484,6
1.017987,0.088012,2.804916,0.937923,10.599228,2.755353,3.174021,4.421546,0.638406,0.303905,0.057689,6
1.058002,0.092849,2.416236,1.309454,6.817271,2.28377,1.105422,4.357835,0.709602,0.1963,0.094098,6
1.037959,0.081104,2.279775,0.920098,6.417781,2.196398,10.658955,4.315556,0.751225,0.160643,0.088132,6
1.026462,0.078844,2.404602,1.000722,8.405441,2.34261,12.108519,4.381376,0.69799,0.187006,0.115004,6
1.016394,0.079859,1.944281,0.192872,4.609279,1.912919,9.299217,4.363393,0.673187,0.255439,0.071374,6
1.088985,0.124419,2.482885,1.190972,6.598543,2.279996,5.779278,4.397384,0.674035,0.211475,0.114491,6
1.062696,0.049512,2.657927,2.325865,16.864044,2.501114,12.211332,4.531065,0.604829,0.256932,0.138239,6
1.028121,0.038525,2.423569,2.221501,23.768684,2.357277,6.756918,4.504099,0.536497,0.393364,0.070138,6
1.03334,0.084548,2.138413,0.458292,5.675326,2.069417,9.140036,4.215827,0.763727,0.144269,0.092004,6
1.043503,0.053062,2.038282,0.417093,5.35558,1.953305,9.015012,4.46271,0.649892,0.216416,0.133692,6
1.024096,0.048288,2.100873,0.383505,7.284086,2.051439,11.379222,4.32671,0.71665,0.182865,0.100485,6
1.002855,0.045723,2.062669,0.381768,7.510155,2.056795,1.180822,4.525414,0.638092,0.225451,0.136456,6
1.069176,0.099186,2.592183,1.80512,8.873958,2.424465,9.318716,4.497876,0.640581,0.242876,0.116543,6
1.040259,0.101944,2.266757,0.389386,4.656132,2.17903,11.084063,4.423221,0.63916,0.222129,0.138711,6
1.066596,0.078861,2.159318,0.10184,5.189196,2.024493,1.954701,4.146571,0.792362,0.137525,0.070113,6
1.018245,0.065079,1.838997,0.802785,4.091505,1.806043,2.535498,4.404754,0.686952,0.206376,0.106672,6
1.029061,0.081909,1.99052,0.340703,4.376518,1.934306,9.686471,4.391378,0.706154,0.171086,0.12276,6
1.020937,0.036421,1.855391,0.200827,5.614381,1.81734,10.635507,4.511237,0.602551,0.26426,0.133189,6
1.044015,0.073399,1.930222,0.677708,5.074598,1.848844,10.963148,4.384397,0.685419,0.19243,0.122151,6
1.037975,0.11491,2.149633,0.512405,5.005563,2.070986,11.398646,4.442418,0.655147,0.209708,0.135145,6
1.079109,0.110484,2.303559,0.621964,5.110433,2.134685,11.399462,4.374896,0.696924,0.161877,0.141199,6
1.037999,0.076778,2.289637,0.166345,4.60883,2.205816,10.126447,4.403547,0.694444,0.197239,0.108318,6
1.019239,0.086744,2.482525,1.014885,6.830838,2.435664,1.177273,4.407808,0.675959,0.237177,0.086864,6
0.997452,0.027546,1.903607,1.169258,7.352899,1.908467,1.37797,4.34229,0.702115,0.210257,0.087628,6
1.008644,0.049873,2.518214,1.700588,12.425634,2.496631,7.977777,4.493992,0.642304,0.217751,0.139945,6
1.068384,0.074054,2.256344,0.930079,6.547358,2.11192,14.070695,4.364442,0.719345,0.188477,0.092178,6
1.014224,0.062991,2.086736,0.469743,6.969961,2.057469,9.923908,4.209537,0.760335,0.164135,0.07553,6
0.997788,0.044015,1.851873,0.499307,4.802823,1.855976,1.231628,4.272264,0.761227,0.137639,0.101134,6
1.014301,0.05112,1.93052,0.691978,5.467606,1.903299,10.116727,4.486855,0.607126,0.260325,0.132549,6
1.02355,0.055403,2.45147,0.828882,11.750687,2.395063,6.59523,4.503438,0.557669,0.347638,0.094693,6
0.978447,0.022253,1.675413,-1.402604,12.423796,1.712317,1.87457,4.552828,0.55488,0.30296,0.14216,6
1.013865,0.054623,2.308175,0.817871,8.643209,2.276608,9.995213,4.301106,0.72106,0.176493,0.102447,6
1.012686,0.037177,1.862491,-0.125003,6.376461,1.839157,6.246909,4.362371,0.695161,0.213996,0.090843,6
1.002966,0.039882,1.572788,-0.085699,4.108928,1.568136,2.372858,4.339414,0.716131,0.17373,0.11014,6
0.978614,0.028842,1.902254,-0.068553,8.146158,1.943823,2.466234,4.369205,0.67832,0.242847,0.078834,6
0.998978,0.023401,1.879049,0.077219,11.796238,1.88097,9.868128,4.460571,0.632986,0.258996,0.108017,6
1.004223,0.078555,1.923915,-0.250705,4.77108,1.915822,9.193643,4.080769,0.819796,0.123383,0.056821,6
